-- --------------------------------------------------------
-- 主机:                           192.168.56.101
-- 服务器版本:                        5.6.46 - MySQL Community Server (GPL)
-- 服务器操作系统:                      Linux
-- HeidiSQL 版本:                  10.3.0.5771
-- --------------------------------------------------------

/*!40101 SET @OLD_CHARACTER_SET_CLIENT=@@CHARACTER_SET_CLIENT */;
/*!40101 SET NAMES utf8 */;
/*!50503 SET NAMES utf8mb4 */;
/*!40014 SET @OLD_FOREIGN_KEY_CHECKS=@@FOREIGN_KEY_CHECKS, FOREIGN_KEY_CHECKS=0 */;
/*!40101 SET @OLD_SQL_MODE=@@SQL_MODE, SQL_MODE='NO_AUTO_VALUE_ON_ZERO' */;


-- 导出 vinosinfo 的数据库结构
CREATE DATABASE IF NOT EXISTS `vinosinfo` /*!40100 DEFAULT CHARACTER SET utf8 */;
USE `vinosinfo`;

-- 导出  表 vinosinfo.f_bodega 结构
CREATE TABLE IF NOT EXISTS `f_bodega` (
  `id` int(11) NOT NULL AUTO_INCREMENT,
  `zone_id` tinyint(4) NOT NULL DEFAULT '0',
  `img` varchar(255) NOT NULL DEFAULT '',
  `url` varchar(255) NOT NULL DEFAULT '',
  `desc` varchar(48) NOT NULL DEFAULT '',
  `is_show` tinyint(4) NOT NULL DEFAULT '0',
  `create_time` timestamp NOT NULL DEFAULT CURRENT_TIMESTAMP COMMENT '创建时间',
  `create_user` varchar(48) CHARACTER SET latin1 NOT NULL DEFAULT 'Lewis' COMMENT '创建人',
  `update_time` timestamp NOT NULL DEFAULT CURRENT_TIMESTAMP ON UPDATE CURRENT_TIMESTAMP COMMENT '更新时间',
  `update_user` varchar(48) CHARACTER SET latin1 NOT NULL DEFAULT 'Lewis' COMMENT '更新人',
  PRIMARY KEY (`id`)
) ENGINE=InnoDB AUTO_INCREMENT=13 DEFAULT CHARSET=utf8 COMMENT='前端酒庄';

-- 正在导出表  vinosinfo.f_bodega 的数据：~12 rows (大约)
/*!40000 ALTER TABLE `f_bodega` DISABLE KEYS */;
INSERT INTO `f_bodega` (`id`, `zone_id`, `img`, `url`, `desc`, `is_show`, `create_time`, `create_user`, `update_time`, `update_user`) VALUES
	(1, 1, '/assets/images/content/bodega1.jpg', 'www.baidu.com', 'TU BODEGA', 1, '2019-01-13 13:44:25', 'Lewis', '2020-01-13 13:44:32', 'Lewis'),
	(2, 1, '/assets/images/content/bodega2.jpg', 'www.baidu.com', 'TU BODEGA', 1, '2020-01-13 13:45:03', 'Lewis', '2020-01-13 13:50:07', 'Lewis'),
	(3, 1, '/assets/images/content/bodega3.jpg', 'www.baidu.com', 'TU BODEGA', 1, '2020-01-13 13:45:06', 'Lewis', '2020-01-13 13:50:11', 'Lewis'),
	(4, 1, '/assets/images/content/bodega4.jpg', 'www.baidu.com', 'TU BODEGA', 1, '2020-01-13 13:45:10', 'Lewis', '2020-01-13 13:50:14', 'Lewis'),
	(5, 1, '/assets/images/content/bodega5.jpg', 'www.baidu.com', 'TU BODEGA', 1, '2020-01-13 13:45:15', 'Lewis', '2020-01-13 13:50:16', 'Lewis'),
	(6, 1, '/assets/images/content/bodega6.jpg', 'www.baidu.com', 'TU BODEGA', 1, '2020-01-13 13:45:18', 'Lewis', '2020-01-13 13:50:19', 'Lewis'),
	(7, 1, '/assets/images/content/bodega7.jpg', 'www.baidu.com', 'TU BODEGA', 1, '2020-01-13 13:45:21', 'Lewis', '2020-01-13 13:50:22', 'Lewis'),
	(8, 1, '/assets/images/content/bodega8.jpg', 'www.baidu.com', 'TU BODEGA', 1, '2020-01-13 13:45:24', 'Lewis', '2020-01-13 13:50:26', 'Lewis'),
	(9, 1, '/assets/images/content/bodega9.jpg', 'www.baidu.com', 'TU BODEGA', 1, '2020-01-13 13:45:29', 'Lewis', '2020-01-13 13:50:31', 'Lewis'),
	(10, 1, '/assets/images/content/bodega10.jpg', 'www.baidu.com', 'TU BODEGA', 1, '2020-01-13 13:50:44', 'Lewis', '2020-01-13 14:06:18', 'Lewis'),
	(11, 1, '/assets/images/content/bodega11.jpg', 'www.baidu.com', 'TU BODEGA', 1, '2020-01-13 13:50:47', 'Lewis', '2020-01-13 14:06:21', 'Lewis'),
	(12, 1, '/assets/images/content/bodega12.jpg', 'www.baidu.com', 'TU BODEGA', 1, '2020-01-13 13:50:50', 'Lewis', '2020-01-13 14:06:22', 'Lewis');
/*!40000 ALTER TABLE `f_bodega` ENABLE KEYS */;

-- 导出  表 vinosinfo.f_contact 结构
CREATE TABLE IF NOT EXISTS `f_contact` (
  `id` int(11) NOT NULL AUTO_INCREMENT,
  `name` varchar(48) NOT NULL DEFAULT '' COMMENT '姓名',
  `phone` varchar(24) NOT NULL DEFAULT '' COMMENT '电话号码',
  `email` varchar(48) NOT NULL DEFAULT '' COMMENT 'email',
  `message` text NOT NULL,
  `create_time` timestamp NOT NULL DEFAULT CURRENT_TIMESTAMP COMMENT '创建时间',
  `create_user` varchar(48) NOT NULL DEFAULT 'Lewis' COMMENT '创建人',
  `update_time` timestamp NOT NULL DEFAULT CURRENT_TIMESTAMP ON UPDATE CURRENT_TIMESTAMP COMMENT '更新时间',
  `update_user` varchar(48) NOT NULL DEFAULT 'Lewis' COMMENT '更新人',
  PRIMARY KEY (`id`)
) ENGINE=InnoDB AUTO_INCREMENT=3 DEFAULT CHARSET=latin1 COMMENT='联系表';

-- 正在导出表  vinosinfo.f_contact 的数据：~2 rows (大约)
/*!40000 ALTER TABLE `f_contact` DISABLE KEYS */;
INSERT INTO `f_contact` (`id`, `name`, `phone`, `email`, `message`, `create_time`, `create_user`, `update_time`, `update_user`) VALUES
	(1, 'a', '', 'lxx0103@yahoo.com', '', '2020-01-14 01:43:31', 'Lewis', '2020-01-14 01:43:31', 'Lewis'),
	(2, '123412341234', '1234', 'lxx0103@yahoo.com', '1234', '2020-01-14 01:46:10', 'Lewis', '2020-01-14 01:46:10', 'Lewis');
/*!40000 ALTER TABLE `f_contact` ENABLE KEYS */;

-- 导出  表 vinosinfo.f_menu 结构
CREATE TABLE IF NOT EXISTS `f_menu` (
  `id` int(11) NOT NULL AUTO_INCREMENT,
  `name` varchar(24) NOT NULL DEFAULT '',
  `is_show_top` tinyint(4) NOT NULL DEFAULT '0',
  `is_show_bottom` tinyint(4) NOT NULL DEFAULT '0',
  `controller` varchar(24) NOT NULL DEFAULT '' COMMENT '对应控制器',
  `create_time` timestamp NOT NULL DEFAULT CURRENT_TIMESTAMP COMMENT '创建时间',
  `create_user` varchar(48) NOT NULL DEFAULT 'Lewis' COMMENT '创建人',
  `update_time` timestamp NOT NULL DEFAULT CURRENT_TIMESTAMP ON UPDATE CURRENT_TIMESTAMP COMMENT '更新时间',
  `update_user` varchar(48) NOT NULL DEFAULT 'Lewis' COMMENT '更新人',
  PRIMARY KEY (`id`)
) ENGINE=InnoDB AUTO_INCREMENT=8 DEFAULT CHARSET=utf8 COMMENT='前端菜单';

-- 正在导出表  vinosinfo.f_menu 的数据：~7 rows (大约)
/*!40000 ALTER TABLE `f_menu` DISABLE KEYS */;
INSERT INTO `f_menu` (`id`, `name`, `is_show_top`, `is_show_bottom`, `controller`, `create_time`, `create_user`, `update_time`, `update_user`) VALUES
	(1, 'INICIO', 1, 1, 'index', '2020-01-11 20:21:02', 'Lewis', '2020-01-13 12:34:37', 'Lewis'),
	(2, 'AVISO LEGAL', 0, 1, 'legal', '2020-01-11 20:25:45', 'Lewis', '2020-01-13 12:34:51', 'Lewis'),
	(3, 'BODEGAS', 1, 0, 'bodegas', '2020-01-11 20:22:56', 'Lewis', '2020-01-13 12:35:15', 'Lewis'),
	(4, 'VINOS', 1, 0, 'vinos', '2020-01-11 20:23:12', 'Lewis', '2020-01-13 12:35:19', 'Lewis'),
	(5, 'NOSOTROS', 1, 1, 'nosotros', '2020-01-11 20:23:39', 'Lewis', '2020-01-13 12:35:23', 'Lewis'),
	(6, 'SERVICIOS', 1, 1, 'servicios', '2020-01-11 20:24:04', 'Lewis', '2020-01-13 12:35:29', 'Lewis'),
	(7, 'CONTACTO', 1, 1, 'contacto', '2020-01-11 20:24:25', 'Lewis', '2020-01-13 12:35:34', 'Lewis');
/*!40000 ALTER TABLE `f_menu` ENABLE KEYS */;

-- 导出  表 vinosinfo.f_slide 结构
CREATE TABLE IF NOT EXISTS `f_slide` (
  `id` int(11) NOT NULL AUTO_INCREMENT,
  `type` tinyint(4) NOT NULL DEFAULT '0',
  `img` varchar(255) NOT NULL DEFAULT '',
  `url` varchar(255) NOT NULL DEFAULT '',
  `desc` varchar(48) NOT NULL DEFAULT '',
  `is_show` tinyint(4) NOT NULL DEFAULT '0',
  `create_time` timestamp NOT NULL DEFAULT CURRENT_TIMESTAMP COMMENT '创建时间',
  `create_user` varchar(48) NOT NULL DEFAULT 'Lewis' COMMENT '创建人',
  `update_time` timestamp NOT NULL DEFAULT CURRENT_TIMESTAMP ON UPDATE CURRENT_TIMESTAMP COMMENT '更新时间',
  `update_user` varchar(48) NOT NULL DEFAULT 'Lewis' COMMENT '更新人',
  PRIMARY KEY (`id`)
) ENGINE=InnoDB AUTO_INCREMENT=25 DEFAULT CHARSET=utf8 COMMENT='前端轮播';

-- 正在导出表  vinosinfo.f_slide 的数据：~24 rows (大约)
/*!40000 ALTER TABLE `f_slide` DISABLE KEYS */;
INSERT INTO `f_slide` (`id`, `type`, `img`, `url`, `desc`, `is_show`, `create_time`, `create_user`, `update_time`, `update_user`) VALUES
	(1, 1, '/assets/images/content/slide1.jpg', '', 'Descripcion de la bodega', 1, '2020-01-11 20:33:05', 'Lewis', '2020-01-14 02:04:31', 'Lewis'),
	(2, 1, '/assets/images/content/slide2.jpg', '', 'Descripcion de la bodega', 1, '2020-01-11 20:33:17', 'Lewis', '2020-01-14 02:04:43', 'Lewis'),
	(3, 1, '/assets/images/content/slide3.jpg', '', 'Descripcion de la bodega', 1, '2020-01-11 20:33:26', 'Lewis', '2020-01-14 02:04:46', 'Lewis'),
	(4, 1, '/assets/images/content/slide1.jpg', '', 'Descripcion de la bodega', 0, '2020-01-11 20:33:30', 'Lewis', '2020-01-14 02:04:31', 'Lewis'),
	(5, 2, '/assets/images/content/slide1.jpg', '', 'Descripcion de la bodega', 1, '2020-01-11 20:33:38', 'Lewis', '2020-01-14 02:04:31', 'Lewis'),
	(6, 2, '/assets/images/content/slide1.jpg', '', 'Descripcion de la bodega', 1, '2020-01-11 20:33:41', 'Lewis', '2020-01-14 02:04:31', 'Lewis'),
	(7, 2, '/assets/images/content/slide1.jpg', '', 'Descripcion de la bodega', 1, '2020-01-11 20:33:43', 'Lewis', '2020-01-14 02:04:31', 'Lewis'),
	(8, 2, '/assets/images/content/slide1.jpg', '', 'Descripcion de la bodega', 0, '2020-01-11 20:33:47', 'Lewis', '2020-01-14 02:04:31', 'Lewis'),
	(9, 3, '/assets/images/content/slide1.jpg', '', 'Tu vino', 1, '2020-01-11 20:33:52', 'Lewis', '2020-01-14 02:04:31', 'Lewis'),
	(10, 3, '/assets/images/content/slide1.jpg', '', 'Tu vino', 1, '2020-01-11 20:33:55', 'Lewis', '2020-01-14 02:04:31', 'Lewis'),
	(11, 3, '/assets/images/content/slide1.jpg', '', 'Tu vino', 1, '2020-01-11 20:33:57', 'Lewis', '2020-01-14 02:04:31', 'Lewis'),
	(12, 3, '/assets/images/content/slide1.jpg', '', 'Tu vino', 0, '2020-01-11 20:34:02', 'Lewis', '2020-01-14 02:04:31', 'Lewis'),
	(13, 4, '/assets/images/content/slide1.jpg', '', 'Tu vino', 1, '2020-01-11 20:34:08', 'Lewis', '2020-01-14 02:04:31', 'Lewis'),
	(14, 4, '/assets/images/content/slide1.jpg', '', 'Tu vino', 1, '2020-01-11 20:34:11', 'Lewis', '2020-01-14 02:04:31', 'Lewis'),
	(15, 4, '/assets/images/content/slide1.jpg', '', 'Tu vino', 1, '2020-01-11 20:34:13', 'Lewis', '2020-01-14 02:04:31', 'Lewis'),
	(16, 4, '/assets/images/content/slide1.jpg', '', 'Tu vino', 0, '2020-01-11 20:34:15', 'Lewis', '2020-01-14 02:04:31', 'Lewis'),
	(17, 5, '/assets/images/content/slide1.jpg', '', 'Tu vino', 1, '2020-01-11 20:34:17', 'Lewis', '2020-01-14 02:04:31', 'Lewis'),
	(18, 5, '/assets/images/content/slide1.jpg', '', 'Tu vino', 1, '2020-01-11 20:34:20', 'Lewis', '2020-01-14 02:04:31', 'Lewis'),
	(19, 5, '/assets/images/content/slide1.jpg', '', 'Tu vino', 1, '2020-01-11 20:34:22', 'Lewis', '2020-01-14 02:04:31', 'Lewis'),
	(20, 5, '/assets/images/content/slide1.jpg', '', 'Tu vino', 0, '2020-01-11 20:34:24', 'Lewis', '2020-01-14 02:04:31', 'Lewis'),
	(21, 6, '/assets/images/content/slide1.jpg', '', 'Tu vino', 1, '2020-01-11 20:34:37', 'Lewis', '2020-01-14 02:04:31', 'Lewis'),
	(22, 6, '/assets/images/content/slide1.jpg', '', 'Tu vino', 1, '2020-01-11 20:34:46', 'Lewis', '2020-01-14 02:04:31', 'Lewis'),
	(23, 6, '/assets/images/content/slide1.jpg', '', 'Tu vino', 1, '2020-01-11 20:34:50', 'Lewis', '2020-01-14 02:04:31', 'Lewis'),
	(24, 6, '/assets/images/content/slide1.jpg', '', 'Tu vino', 0, '2020-01-11 20:34:52', 'Lewis', '2020-01-14 02:04:31', 'Lewis');
/*!40000 ALTER TABLE `f_slide` ENABLE KEYS */;

-- 导出  表 vinosinfo.f_type 结构
CREATE TABLE IF NOT EXISTS `f_type` (
  `id` int(11) NOT NULL AUTO_INCREMENT,
  `name` varchar(64) NOT NULL DEFAULT '',
  `is_show` tinyint(4) NOT NULL DEFAULT '0',
  `row` tinyint(4) NOT NULL DEFAULT '0' COMMENT '第几行',
  `create_time` timestamp NOT NULL DEFAULT CURRENT_TIMESTAMP COMMENT '创建时间',
  `create_user` varchar(48) CHARACTER SET latin1 NOT NULL DEFAULT 'Lewis' COMMENT '创建人',
  `update_time` timestamp NOT NULL DEFAULT CURRENT_TIMESTAMP ON UPDATE CURRENT_TIMESTAMP COMMENT '更新时间',
  `update_user` varchar(48) CHARACTER SET latin1 NOT NULL DEFAULT 'Lewis' COMMENT '更新人',
  PRIMARY KEY (`id`)
) ENGINE=InnoDB AUTO_INCREMENT=21 DEFAULT CHARSET=utf8 COMMENT='红酒类型';

-- 正在导出表  vinosinfo.f_type 的数据：~20 rows (大约)
/*!40000 ALTER TABLE `f_type` DISABLE KEYS */;
INSERT INTO `f_type` (`id`, `name`, `is_show`, `row`, `create_time`, `create_user`, `update_time`, `update_user`) VALUES
	(1, 'D.O.C.', 1, 1, '2020-01-14 00:10:02', 'Lewis', '2020-01-14 00:11:42', 'Lewis'),
	(2, 'D.O.', 1, 1, '2020-01-14 00:10:02', 'Lewis', '2020-01-14 00:11:42', 'Lewis'),
	(3, 'VdlT', 1, 1, '2020-01-14 00:10:02', 'Lewis', '2020-01-14 00:11:42', 'Lewis'),
	(4, 'V.C.', 1, 1, '2020-01-14 00:10:02', 'Lewis', '2020-01-14 00:11:42', 'Lewis'),
	(5, 'Vinos de mesa', 1, 1, '2020-01-14 00:10:02', 'Lewis', '2020-01-14 00:11:42', 'Lewis'),
	(6, 'Vino Tinto', 1, 2, '2020-01-14 00:10:02', 'Lewis', '2020-01-14 00:11:42', 'Lewis'),
	(7, 'Tinto Crianza', 1, 2, '2020-01-14 00:10:02', 'Lewis', '2020-01-14 00:11:42', 'Lewis'),
	(8, 'Tinto Reserva', 1, 2, '2020-01-14 00:10:02', 'Lewis', '2020-01-14 00:11:42', 'Lewis'),
	(9, 'Tinto Gran Reserva', 1, 2, '2020-01-14 00:10:02', 'Lewis', '2020-01-14 00:11:42', 'Lewis'),
	(10, 'Tinto Roble', 1, 2, '2020-01-14 00:10:02', 'Lewis', '2020-01-14 00:11:42', 'Lewis'),
	(11, 'Tinto Joven', 1, 2, '2020-01-14 00:10:02', 'Lewis', '2020-01-14 00:11:42', 'Lewis'),
	(12, 'Blanco', 1, 3, '2020-01-14 00:10:02', 'Lewis', '2020-01-14 00:11:42', 'Lewis'),
	(13, 'Blanco dulce', 1, 3, '2020-01-14 00:10:02', 'Lewis', '2020-01-14 00:11:42', 'Lewis'),
	(14, 'Blanco con crianza', 1, 3, '2020-01-14 00:10:03', 'Lewis', '2020-01-14 00:11:42', 'Lewis'),
	(15, 'Blanco en barrica', 1, 3, '2020-01-14 00:10:03', 'Lewis', '2020-01-14 00:11:42', 'Lewis'),
	(16, 'Vino Rosado', 1, 3, '2020-01-14 00:10:03', 'Lewis', '2020-01-14 00:11:42', 'Lewis'),
	(17, 'Espumoso', 1, 4, '2020-01-14 00:10:03', 'Lewis', '2020-01-14 00:11:42', 'Lewis'),
	(18, 'Cava', 1, 4, '2020-01-14 00:10:03', 'Lewis', '2020-01-14 00:11:42', 'Lewis'),
	(19, 'Cava Reserva', 1, 4, '2020-01-14 00:10:03', 'Lewis', '2020-01-14 00:11:42', 'Lewis'),
	(20, 'Cava Gran Reserva', 1, 4, '2020-01-14 00:10:03', 'Lewis', '2020-01-14 00:11:42', 'Lewis');
/*!40000 ALTER TABLE `f_type` ENABLE KEYS */;

-- 导出  表 vinosinfo.f_vino 结构
CREATE TABLE IF NOT EXISTS `f_vino` (
  `id` int(11) NOT NULL AUTO_INCREMENT,
  `type_id` tinyint(4) NOT NULL DEFAULT '0',
  `img` varchar(255) NOT NULL DEFAULT '',
  `url` varchar(255) NOT NULL DEFAULT '',
  `desc` varchar(48) NOT NULL DEFAULT '',
  `is_show` tinyint(4) NOT NULL DEFAULT '0',
  `create_time` timestamp NOT NULL DEFAULT CURRENT_TIMESTAMP COMMENT '创建时间',
  `create_user` varchar(48) CHARACTER SET latin1 NOT NULL DEFAULT 'Lewis' COMMENT '创建人',
  `update_time` timestamp NOT NULL DEFAULT CURRENT_TIMESTAMP ON UPDATE CURRENT_TIMESTAMP COMMENT '更新时间',
  `update_user` varchar(48) CHARACTER SET latin1 NOT NULL DEFAULT 'Lewis' COMMENT '更新人',
  PRIMARY KEY (`id`)
) ENGINE=InnoDB AUTO_INCREMENT=13 DEFAULT CHARSET=utf8 COMMENT='红酒';

-- 正在导出表  vinosinfo.f_vino 的数据：~12 rows (大约)
/*!40000 ALTER TABLE `f_vino` DISABLE KEYS */;
INSERT INTO `f_vino` (`id`, `type_id`, `img`, `url`, `desc`, `is_show`, `create_time`, `create_user`, `update_time`, `update_user`) VALUES
	(1, 1, '/assets/images/content/vino.jpg', 'www.google.com', 'TU VINO', 1, '2020-01-14 00:16:10', 'Lewis', '2020-01-14 00:16:53', 'Lewis'),
	(2, 1, '/assets/images/content/vino.jpg', 'www.google.com', 'TU VINO', 1, '2020-01-14 00:16:10', 'Lewis', '2020-01-14 00:16:53', 'Lewis'),
	(3, 1, '/assets/images/content/vino.jpg', 'www.google.com', 'TU VINO', 1, '2020-01-14 00:16:11', 'Lewis', '2020-01-14 00:16:53', 'Lewis'),
	(4, 1, '/assets/images/content/vino.jpg', 'www.google.com', 'TU VINO', 1, '2020-01-14 00:16:11', 'Lewis', '2020-01-14 00:16:53', 'Lewis'),
	(5, 1, '/assets/images/content/vino.jpg', 'www.google.com', 'TU VINO', 1, '2020-01-14 00:16:12', 'Lewis', '2020-01-14 00:16:53', 'Lewis'),
	(6, 1, '/assets/images/content/vino.jpg', 'www.google.com', 'TU VINO', 1, '2020-01-14 00:16:12', 'Lewis', '2020-01-14 00:16:53', 'Lewis'),
	(7, 1, '/assets/images/content/vino.jpg', 'www.google.com', 'TU VINO', 1, '2020-01-14 00:16:12', 'Lewis', '2020-01-14 00:16:53', 'Lewis'),
	(8, 1, '/assets/images/content/vino.jpg', 'www.google.com', 'TU VINO', 1, '2020-01-14 00:16:13', 'Lewis', '2020-01-14 00:16:53', 'Lewis'),
	(9, 1, '/assets/images/content/vino.jpg', 'www.google.com', 'TU VINO', 1, '2020-01-14 00:16:13', 'Lewis', '2020-01-14 00:16:53', 'Lewis'),
	(10, 1, '/assets/images/content/vino.jpg', 'www.google.com', 'TU VINO', 1, '2020-01-14 00:16:14', 'Lewis', '2020-01-14 00:16:53', 'Lewis'),
	(11, 1, '/assets/images/content/vino.jpg', 'www.google.com', 'TU VINO', 1, '2020-01-14 00:16:14', 'Lewis', '2020-01-14 00:16:53', 'Lewis'),
	(12, 1, '/assets/images/content/vino.jpg', 'www.google.com', 'TU VINO', 1, '2020-01-14 00:16:14', 'Lewis', '2020-01-14 00:16:53', 'Lewis');
/*!40000 ALTER TABLE `f_vino` ENABLE KEYS */;

-- 导出  表 vinosinfo.f_zone 结构
CREATE TABLE IF NOT EXISTS `f_zone` (
  `id` int(11) NOT NULL AUTO_INCREMENT,
  `name` varchar(64) NOT NULL DEFAULT '',
  `is_show` tinyint(4) NOT NULL DEFAULT '0',
  `row` tinyint(4) NOT NULL DEFAULT '0' COMMENT '第几行',
  `create_time` timestamp NOT NULL DEFAULT CURRENT_TIMESTAMP COMMENT '创建时间',
  `create_user` varchar(48) CHARACTER SET latin1 NOT NULL DEFAULT 'Lewis' COMMENT '创建人',
  `update_time` timestamp NOT NULL DEFAULT CURRENT_TIMESTAMP ON UPDATE CURRENT_TIMESTAMP COMMENT '更新时间',
  `update_user` varchar(48) CHARACTER SET latin1 NOT NULL DEFAULT 'Lewis' COMMENT '更新人',
  PRIMARY KEY (`id`)
) ENGINE=InnoDB AUTO_INCREMENT=21 DEFAULT CHARSET=utf8 COMMENT='酒庄地区';

-- 正在导出表  vinosinfo.f_zone 的数据：~20 rows (大约)
/*!40000 ALTER TABLE `f_zone` DISABLE KEYS */;
INSERT INTO `f_zone` (`id`, `name`, `is_show`, `row`, `create_time`, `create_user`, `update_time`, `update_user`) VALUES
	(1, 'Valle del Río Ebro', 1, 1, '2020-01-11 21:44:30', 'Lewis', '2020-01-13 13:18:20', 'Lewis'),
	(2, 'Meseta Central', 1, 1, '2020-01-11 21:44:36', 'Lewis', '2020-01-13 13:18:21', 'Lewis'),
	(3, 'Valle del Río Duero', 1, 1, '2020-01-11 21:44:43', 'Lewis', '2020-01-13 13:18:22', 'Lewis'),
	(4, 'Costa Mediterránea', 1, 1, '2020-01-11 21:44:50', 'Lewis', '2020-01-13 13:18:23', 'Lewis'),
	(5, 'Noroeste de España', 1, 1, '2020-01-11 21:44:57', 'Lewis', '2020-01-13 13:18:24', 'Lewis'),
	(6, 'Andalucía', 1, 1, '2020-01-11 21:45:02', 'Lewis', '2020-01-13 13:18:25', 'Lewis'),
	(7, 'Rioja', 1, 2, '2020-01-13 13:19:04', 'Lewis', '2020-01-13 13:21:38', 'Lewis'),
	(8, 'Navarra', 1, 2, '2020-01-13 13:19:15', 'Lewis', '2020-01-13 13:21:37', 'Lewis'),
	(9, 'Madrid', 1, 2, '2020-01-13 13:19:22', 'Lewis', '2020-01-13 13:21:36', 'Lewis'),
	(10, 'La Mancha', 1, 2, '2020-01-13 13:19:35', 'Lewis', '2020-01-13 13:21:35', 'Lewis'),
	(11, 'Castilla y León', 1, 2, '2020-01-13 13:19:43', 'Lewis', '2020-01-13 13:21:34', 'Lewis'),
	(12, 'Toro', 1, 2, '2020-01-13 13:19:50', 'Lewis', '2020-01-13 13:21:33', 'Lewis'),
	(13, 'Ribera del Duero', 1, 2, '2020-01-13 13:19:59', 'Lewis', '2020-01-13 13:21:32', 'Lewis'),
	(14, 'León', 1, 2, '2020-01-13 13:20:08', 'Lewis', '2020-01-13 13:21:31', 'Lewis'),
	(15, 'Cataluña', 1, 2, '2020-01-13 13:20:20', 'Lewis', '2020-01-13 13:21:30', 'Lewis'),
	(16, 'Valencia', 1, 2, '2020-01-13 13:20:29', 'Lewis', '2020-01-13 13:21:29', 'Lewis'),
	(17, 'Alicante', 1, 2, '2020-01-13 13:20:39', 'Lewis', '2020-01-13 13:21:27', 'Lewis'),
	(18, 'Murcia', 1, 2, '2020-01-13 13:20:48', 'Lewis', '2020-01-13 13:21:26', 'Lewis'),
	(19, 'Galicia', 1, 2, '2020-01-13 13:20:57', 'Lewis', '2020-01-13 13:21:25', 'Lewis'),
	(20, 'Cádiz', 1, 2, '2020-01-13 13:21:06', 'Lewis', '2020-01-13 13:21:24', 'Lewis');
/*!40000 ALTER TABLE `f_zone` ENABLE KEYS */;

-- 导出  表 vinosinfo.s_department 结构
CREATE TABLE IF NOT EXISTS `s_department` (
  `id` int(10) unsigned NOT NULL AUTO_INCREMENT,
  `dept_name` varchar(48) COLLATE utf8mb4_unicode_ci NOT NULL DEFAULT '0' COMMENT '部门名称',
  `is_enable` tinyint(3) unsigned NOT NULL DEFAULT '0' COMMENT '是否启用，0否1是',
  `create_time` timestamp NOT NULL DEFAULT CURRENT_TIMESTAMP COMMENT '创建时间',
  `create_user` varchar(48) COLLATE utf8mb4_unicode_ci NOT NULL DEFAULT '' COMMENT '创建人',
  `update_time` timestamp NOT NULL DEFAULT CURRENT_TIMESTAMP ON UPDATE CURRENT_TIMESTAMP COMMENT '更新时间',
  `update_user` varchar(48) COLLATE utf8mb4_unicode_ci NOT NULL DEFAULT '' COMMENT '更新人',
  PRIMARY KEY (`id`)
) ENGINE=InnoDB AUTO_INCREMENT=2 DEFAULT CHARSET=utf8mb4 COLLATE=utf8mb4_unicode_ci COMMENT='部门表';

-- 正在导出表  vinosinfo.s_department 的数据：~1 rows (大约)
/*!40000 ALTER TABLE `s_department` DISABLE KEYS */;
INSERT INTO `s_department` (`id`, `dept_name`, `is_enable`, `create_time`, `create_user`, `update_time`, `update_user`) VALUES
	(1, '1', 1, '2017-11-22 16:18:49', 'LIUXU', '2017-11-22 16:18:49', 'LIUXU');
/*!40000 ALTER TABLE `s_department` ENABLE KEYS */;

-- 导出  表 vinosinfo.s_dept_sche 结构
CREATE TABLE IF NOT EXISTS `s_dept_sche` (
  `id` int(10) unsigned NOT NULL AUTO_INCREMENT,
  `dept_id` int(10) unsigned NOT NULL DEFAULT '0' COMMENT '部门ID',
  `sche_id` int(10) unsigned NOT NULL DEFAULT '0' COMMENT '班次ID',
  `start_date` date NOT NULL DEFAULT '2000-01-01' COMMENT '开始日期',
  `end_date` date NOT NULL DEFAULT '2000-01-01' COMMENT '结束日期',
  `start_time` time NOT NULL DEFAULT '00:00:00' COMMENT '上班时间',
  `end_time` time NOT NULL DEFAULT '00:00:00' COMMENT '下班时间',
  `is_enable` tinyint(3) unsigned NOT NULL DEFAULT '0' COMMENT '是否启用，0否1是',
  `create_time` timestamp NOT NULL DEFAULT CURRENT_TIMESTAMP COMMENT '创建时间',
  `create_user` varchar(48) COLLATE utf8mb4_unicode_ci NOT NULL DEFAULT '' COMMENT '创建人',
  `update_time` timestamp NOT NULL DEFAULT CURRENT_TIMESTAMP ON UPDATE CURRENT_TIMESTAMP COMMENT '更新时间',
  `update_user` varchar(48) COLLATE utf8mb4_unicode_ci NOT NULL DEFAULT '' COMMENT '更新人',
  PRIMARY KEY (`id`)
) ENGINE=InnoDB DEFAULT CHARSET=utf8mb4 COLLATE=utf8mb4_unicode_ci COMMENT='部门班次表';

-- 正在导出表  vinosinfo.s_dept_sche 的数据：~0 rows (大约)
/*!40000 ALTER TABLE `s_dept_sche` DISABLE KEYS */;
/*!40000 ALTER TABLE `s_dept_sche` ENABLE KEYS */;

-- 导出  表 vinosinfo.s_holiday 结构
CREATE TABLE IF NOT EXISTS `s_holiday` (
  `id` int(10) unsigned NOT NULL AUTO_INCREMENT,
  `dept_id` int(10) unsigned NOT NULL DEFAULT '0',
  `staff_code` varchar(24) COLLATE utf8mb4_unicode_ci NOT NULL DEFAULT '',
  `target` tinyint(3) unsigned NOT NULL DEFAULT '0' COMMENT '目标：1部门2员工3全公司',
  `type` smallint(5) unsigned NOT NULL DEFAULT '0' COMMENT '类型：1:放假，2:事假，3:病假，4:其他',
  `holiday` date NOT NULL DEFAULT '2000-01-01' COMMENT '假期时间',
  `hours` decimal(10,1) unsigned NOT NULL DEFAULT '0.0',
  `is_enable` tinyint(3) unsigned NOT NULL DEFAULT '0' COMMENT '是否启用，0否1是',
  `create_time` timestamp NOT NULL DEFAULT CURRENT_TIMESTAMP COMMENT '创建时间',
  `create_user` varchar(48) COLLATE utf8mb4_unicode_ci NOT NULL DEFAULT '' COMMENT '创建人',
  `update_time` timestamp NOT NULL DEFAULT CURRENT_TIMESTAMP ON UPDATE CURRENT_TIMESTAMP COMMENT '更新时间',
  `update_user` varchar(48) COLLATE utf8mb4_unicode_ci NOT NULL DEFAULT '' COMMENT '更新人',
  PRIMARY KEY (`id`)
) ENGINE=InnoDB DEFAULT CHARSET=utf8mb4 COLLATE=utf8mb4_unicode_ci COMMENT='假期表';

-- 正在导出表  vinosinfo.s_holiday 的数据：~0 rows (大约)
/*!40000 ALTER TABLE `s_holiday` DISABLE KEYS */;
/*!40000 ALTER TABLE `s_holiday` ENABLE KEYS */;

-- 导出  表 vinosinfo.s_menu 结构
CREATE TABLE IF NOT EXISTS `s_menu` (
  `id` int(10) unsigned NOT NULL AUTO_INCREMENT,
  `name` varchar(48) COLLATE utf8mb4_unicode_ci NOT NULL DEFAULT '' COMMENT '菜单名称',
  `dir` varchar(48) COLLATE utf8mb4_unicode_ci NOT NULL DEFAULT '' COMMENT '菜单目录',
  `controller` varchar(48) COLLATE utf8mb4_unicode_ci NOT NULL DEFAULT '' COMMENT '菜单控制器',
  `method` varchar(48) COLLATE utf8mb4_unicode_ci NOT NULL DEFAULT '' COMMENT '菜单方法',
  `is_enable` tinyint(3) unsigned NOT NULL DEFAULT '0' COMMENT '是否启用，0否1是',
  `parent_id` int(10) unsigned NOT NULL DEFAULT '0' COMMENT '父级菜单id',
  `need_privilege` tinyint(3) unsigned NOT NULL DEFAULT '1' COMMENT '是否需要权限',
  `is_hidden` tinyint(3) unsigned NOT NULL DEFAULT '0' COMMENT '是否显示在菜单',
  `create_time` timestamp NOT NULL DEFAULT CURRENT_TIMESTAMP COMMENT '创建时间',
  `create_user` varchar(48) COLLATE utf8mb4_unicode_ci NOT NULL DEFAULT '' COMMENT '创建人',
  `update_time` timestamp NOT NULL DEFAULT CURRENT_TIMESTAMP ON UPDATE CURRENT_TIMESTAMP COMMENT '更新时间',
  `update_user` varchar(48) COLLATE utf8mb4_unicode_ci NOT NULL DEFAULT '' COMMENT '更新人',
  PRIMARY KEY (`id`),
  KEY `is_enable` (`is_enable`)
) ENGINE=InnoDB AUTO_INCREMENT=43 DEFAULT CHARSET=utf8mb4 COLLATE=utf8mb4_unicode_ci COMMENT='菜单表';

-- 正在导出表  vinosinfo.s_menu 的数据：~39 rows (大约)
/*!40000 ALTER TABLE `s_menu` DISABLE KEYS */;
INSERT INTO `s_menu` (`id`, `name`, `dir`, `controller`, `method`, `is_enable`, `parent_id`, `need_privilege`, `is_hidden`, `create_time`, `create_user`, `update_time`, `update_user`) VALUES
	(1, '我的主页', '', 'home', '', 1, 0, 1, 0, '2017-11-04 16:43:15', 'LIUXU', '2017-11-20 21:35:34', 'LIUXU'),
	(2, '菜单未设置', '', 'home', 'menu', 1, 1, 0, 1, '2017-11-04 17:08:48', 'LIUXU', '2017-11-05 17:25:28', 'LIUXU'),
	(3, '没有权限', '', 'home', 'privilege', 1, 1, 0, 1, '2017-11-04 17:08:48', 'LIUXU', '2017-11-05 17:25:29', 'LIUXU'),
	(4, '404页面', '', 'home', 'exists', 1, 1, 0, 1, '2017-11-04 17:08:48', 'LIUXU', '2017-11-05 17:25:31', 'LIUXU'),
	(5, '权限管理', '', '', '', 1, 0, 1, 0, '2017-11-04 17:08:48', 'LIUXU', '2017-11-05 17:35:31', 'LIUXU'),
	(6, '角色管理', 'privilege', 'role', '', 1, 5, 1, 0, '2017-11-04 17:08:48', 'LIUXU', '2017-11-05 19:54:29', 'LIUXU'),
	(7, '获取角色详情', 'privilege', 'role', 'one', 1, 5, 1, 1, '2017-11-04 17:08:48', 'LIUXU', '2017-11-06 16:41:13', 'LIUXU'),
	(8, '修改角色', 'privilege', 'role', 'save', 1, 5, 1, 1, '2017-11-04 17:08:48', 'LIUXU', '2017-11-06 16:56:31', 'LIUXU'),
	(9, '菜单管理', 'privilege', 'menu', '', 1, 5, 1, 0, '2017-11-04 17:08:48', 'LIUXU', '2017-11-08 14:23:54', 'LIUXU'),
	(10, '获取菜单详情', 'privilege', 'menu', 'one', 1, 5, 1, 1, '2017-11-04 17:08:48', 'LIUXU', '2017-11-08 15:16:17', 'LIUXU'),
	(11, '修改菜单', 'privilege', 'menu', 'save', 1, 5, 1, 1, '2017-11-08 15:07:16', '', '2017-11-20 21:35:24', 'LIUXU'),
	(12, '角色权限', 'privilege', 'privilege', '', 1, 5, 1, 1, '2017-11-08 15:41:40', 'a', '2017-11-08 15:43:33', 'a'),
	(13, '保存权限', 'privilege', 'privilege', 'save', 1, 5, 1, 1, '2017-11-11 16:07:31', 'a', '2017-11-11 16:07:31', 'a'),
	(14, '部门人员管理', '', '', '', 1, 0, 1, 0, '2017-11-11 17:06:58', 'a', '2017-11-11 17:06:58', 'a'),
	(15, '部门列表', 'organization', 'department', '', 1, 14, 1, 0, '2017-11-11 17:26:59', 'a', '2017-11-14 17:15:56', 'LIUXU'),
	(16, '获取部门详情', 'organization', 'department', 'one', 1, 14, 1, 1, '2017-11-14 17:15:49', 'LIUXU', '2017-11-14 17:15:49', 'LIUXU'),
	(17, '修改部门', 'organization', 'department', 'save', 1, 14, 1, 1, '2017-11-14 17:16:31', 'LIUXU', '2017-11-14 17:16:31', 'LIUXU'),
	(18, '人员列表', 'organization', 'staff', '', 1, 14, 1, 0, '2017-11-14 17:22:57', 'LIUXU', '2017-11-14 17:22:57', 'LIUXU'),
	(19, '获取人员详情', 'organization', 'staff', 'one', 1, 14, 1, 1, '2017-11-14 17:23:24', 'LIUXU', '2017-11-14 17:23:24', 'LIUXU'),
	(20, '修改人员', 'organization', 'staff', 'save', 1, 14, 1, 1, '2017-11-14 17:23:52', 'LIUXU', '2017-11-14 17:23:52', 'LIUXU'),
	(21, '职务列表', 'organization', 'position', '', 1, 14, 1, 0, '2017-11-15 20:31:11', 'LIUXU', '2017-11-15 20:31:18', 'LIUXU'),
	(22, '获取职务详情', 'organization', 'position', 'one', 1, 14, 1, 1, '2017-11-15 20:31:50', 'LIUXU', '2017-11-15 20:31:50', 'LIUXU'),
	(23, '修改职务', 'organization', 'position', 'save', 1, 14, 1, 1, '2017-11-15 20:32:13', 'LIUXU', '2017-11-15 20:32:13', 'LIUXU'),
	(24, '考勤规则管理', '', '', '', 1, 0, 1, 0, '2017-11-19 15:36:11', 'LIUXU', '2017-11-19 15:36:11', 'LIUXU'),
	(28, '部门班次设置', 'checkin', 'setsche', '', 1, 24, 1, 0, '2017-11-19 16:11:42', 'LIUXU', '2017-11-19 16:11:42', 'LIUXU'),
	(29, '获取部门班次详情', 'checkin', 'setsche', 'one', 1, 24, 1, 1, '2017-11-19 16:12:18', 'LIUXU', '2017-11-19 16:12:18', 'LIUXU'),
	(30, '修改部门班次', 'checkin', 'setsche', 'save', 1, 24, 1, 1, '2017-11-19 16:12:46', 'LIUXU', '2017-11-19 16:12:46', 'LIUXU'),
	(31, '员工班次设置', 'checkin', 'setsche', 'staff', 1, 24, 1, 0, '2017-11-19 17:10:25', 'LIUXU', '2017-11-19 17:11:56', 'LIUXU'),
	(32, '获取员工班次详情', 'checkin', 'setsche', 'onestaff', 1, 24, 1, 1, '2017-11-19 17:10:53', 'LIUXU', '2017-11-19 17:10:53', 'LIUXU'),
	(33, '修改员工班次', 'checkin', 'setsche', 'savestaff', 1, 24, 1, 1, '2017-11-19 17:11:16', 'LIUXU', '2017-11-19 17:11:16', 'LIUXU'),
	(34, '考勤记录', '', '', '', 1, 0, 1, 0, '2017-11-19 17:23:08', 'LIUXU', '2017-11-19 17:23:08', 'LIUXU'),
	(35, '打卡记录', 'checkin', 'attendence', '', 1, 34, 1, 0, '2017-11-19 17:25:27', 'LIUXU', '2017-11-19 17:25:27', 'LIUXU'),
	(36, '考勤汇总', 'checkin', 'attendence', 'staff', 1, 34, 1, 0, '2017-11-20 21:39:56', 'LIUXU', '2017-11-20 21:39:56', 'LIUXU'),
	(37, '假期设置', 'checkin', 'holiday', '', 1, 24, 1, 0, '2017-11-21 12:29:41', 'LIUXU', '2017-11-21 12:29:41', 'LIUXU'),
	(38, '获取假期详情', 'checkin', 'holiday', 'one', 1, 24, 1, 1, '2017-11-21 12:30:10', 'LIUXU', '2017-11-21 12:30:10', 'LIUXU'),
	(39, '修改假期', 'checkin', 'holiday', 'save', 1, 24, 1, 1, '2017-11-21 12:30:33', 'LIUXU', '2017-11-21 12:30:33', 'LIUXU'),
	(40, '考勤明细', 'checkin', 'attendence', 'detail', 1, 34, 1, 1, '2017-11-21 15:25:26', 'LIUXU', '2017-11-21 17:20:28', 'LIUXU'),
	(41, '补签卡', 'checkin', 'attendence', 'checkin', 1, 34, 1, 1, '2017-11-21 17:19:53', 'LIUXU', '2017-11-21 17:21:08', 'LIUXU'),
	(42, '改为昨日下班卡', 'checkin', 'attendence', 'setcheckdate', 1, 34, 1, 1, '2017-11-22 17:02:11', 'LIUXU', '2017-11-22 17:02:11', 'LIUXU');
/*!40000 ALTER TABLE `s_menu` ENABLE KEYS */;

-- 导出  表 vinosinfo.s_position 结构
CREATE TABLE IF NOT EXISTS `s_position` (
  `id` int(10) unsigned NOT NULL AUTO_INCREMENT,
  `position_name` varchar(48) COLLATE utf8mb4_unicode_ci NOT NULL DEFAULT '0' COMMENT '职务名称',
  `is_enable` tinyint(3) unsigned NOT NULL DEFAULT '0' COMMENT '是否启用，0否1是',
  `create_time` timestamp NOT NULL DEFAULT CURRENT_TIMESTAMP COMMENT '创建时间',
  `create_user` varchar(48) COLLATE utf8mb4_unicode_ci NOT NULL DEFAULT '' COMMENT '创建人',
  `update_time` timestamp NOT NULL DEFAULT CURRENT_TIMESTAMP ON UPDATE CURRENT_TIMESTAMP COMMENT '更新时间',
  `update_user` varchar(48) COLLATE utf8mb4_unicode_ci NOT NULL DEFAULT '' COMMENT '更新人',
  PRIMARY KEY (`id`)
) ENGINE=InnoDB AUTO_INCREMENT=2 DEFAULT CHARSET=utf8mb4 COLLATE=utf8mb4_unicode_ci COMMENT='职务表';

-- 正在导出表  vinosinfo.s_position 的数据：~1 rows (大约)
/*!40000 ALTER TABLE `s_position` DISABLE KEYS */;
INSERT INTO `s_position` (`id`, `position_name`, `is_enable`, `create_time`, `create_user`, `update_time`, `update_user`) VALUES
	(1, '1', 1, '2017-11-22 16:18:55', 'LIUXU', '2017-11-22 16:18:55', 'LIUXU');
/*!40000 ALTER TABLE `s_position` ENABLE KEYS */;

-- 导出  表 vinosinfo.s_staff 结构
CREATE TABLE IF NOT EXISTS `s_staff` (
  `id` int(10) unsigned NOT NULL AUTO_INCREMENT,
  `machine_id` int(11) unsigned NOT NULL DEFAULT '0' COMMENT '考勤机ID',
  `staff_code` varchar(24) COLLATE utf8mb4_unicode_ci NOT NULL DEFAULT '' COMMENT '工号',
  `name` varchar(48) COLLATE utf8mb4_unicode_ci NOT NULL DEFAULT '' COMMENT '姓名',
  `gender` tinyint(3) unsigned NOT NULL DEFAULT '0' COMMENT '性别:男1女2',
  `dept_id` int(10) unsigned NOT NULL DEFAULT '0' COMMENT '部门ID',
  `position_id` int(10) unsigned NOT NULL DEFAULT '0' COMMENT '职务ID',
  `phone` varchar(24) COLLATE utf8mb4_unicode_ci NOT NULL DEFAULT '' COMMENT '电话号码',
  `mobile` varchar(24) COLLATE utf8mb4_unicode_ci NOT NULL DEFAULT '' COMMENT '手机号码',
  `birthday` date NOT NULL DEFAULT '1970-01-01' COMMENT '生日',
  `address` varchar(255) COLLATE utf8mb4_unicode_ci NOT NULL DEFAULT '' COMMENT '地址',
  `in_date` date NOT NULL DEFAULT '1970-01-01' COMMENT '入职时间',
  `out_date` date NOT NULL DEFAULT '1970-01-01' COMMENT '离职时间',
  `is_enable` tinyint(3) unsigned NOT NULL DEFAULT '0' COMMENT '是否启用，0否1是',
  `create_time` timestamp NOT NULL DEFAULT CURRENT_TIMESTAMP COMMENT '创建时间',
  `create_user` varchar(48) COLLATE utf8mb4_unicode_ci NOT NULL DEFAULT '' COMMENT '创建人',
  `update_time` timestamp NOT NULL DEFAULT CURRENT_TIMESTAMP ON UPDATE CURRENT_TIMESTAMP COMMENT '更新时间',
  `update_user` varchar(48) COLLATE utf8mb4_unicode_ci NOT NULL DEFAULT '' COMMENT '更新人',
  PRIMARY KEY (`id`),
  KEY `is_enable` (`is_enable`)
) ENGINE=InnoDB AUTO_INCREMENT=2 DEFAULT CHARSET=utf8mb4 COLLATE=utf8mb4_unicode_ci COMMENT='人员表';

-- 正在导出表  vinosinfo.s_staff 的数据：~1 rows (大约)
/*!40000 ALTER TABLE `s_staff` DISABLE KEYS */;
INSERT INTO `s_staff` (`id`, `machine_id`, `staff_code`, `name`, `gender`, `dept_id`, `position_id`, `phone`, `mobile`, `birthday`, `address`, `in_date`, `out_date`, `is_enable`, `create_time`, `create_user`, `update_time`, `update_user`) VALUES
	(1, 1, '10001', '1', 1, 1, 1, '', '', '2017-11-22', '', '2016-03-27', '2017-11-22', 1, '2017-11-22 16:19:33', 'LIUXU', '2017-11-22 16:20:05', 'SYSTEM');
/*!40000 ALTER TABLE `s_staff` ENABLE KEYS */;

-- 导出  表 vinosinfo.s_staff_machine 结构
CREATE TABLE IF NOT EXISTS `s_staff_machine` (
  `id` int(10) unsigned NOT NULL AUTO_INCREMENT,
  `machine_id` int(11) unsigned NOT NULL DEFAULT '0' COMMENT '考勤机ID',
  `machine_code` varchar(24) COLLATE utf8mb4_unicode_ci NOT NULL DEFAULT '' COMMENT '考勤机工号',
  `is_enable` tinyint(3) unsigned NOT NULL DEFAULT '0' COMMENT '是否启用，0否1是',
  `create_time` timestamp NOT NULL DEFAULT CURRENT_TIMESTAMP COMMENT '创建时间',
  `create_user` varchar(48) COLLATE utf8mb4_unicode_ci NOT NULL DEFAULT '' COMMENT '创建人',
  `update_time` timestamp NOT NULL DEFAULT CURRENT_TIMESTAMP ON UPDATE CURRENT_TIMESTAMP COMMENT '更新时间',
  `update_user` varchar(48) COLLATE utf8mb4_unicode_ci NOT NULL DEFAULT '' COMMENT '更新人',
  PRIMARY KEY (`id`),
  KEY `is_enable` (`is_enable`)
) ENGINE=InnoDB AUTO_INCREMENT=7 DEFAULT CHARSET=utf8mb4 COLLATE=utf8mb4_unicode_ci COMMENT='人员表';

-- 正在导出表  vinosinfo.s_staff_machine 的数据：~6 rows (大约)
/*!40000 ALTER TABLE `s_staff_machine` DISABLE KEYS */;
INSERT INTO `s_staff_machine` (`id`, `machine_id`, `machine_code`, `is_enable`, `create_time`, `create_user`, `update_time`, `update_user`) VALUES
	(1, 1, '10001', 1, '2017-11-22 16:20:05', 'SYSTEM', '2017-11-22 16:20:05', 'SYSTEM'),
	(2, 3, '10003', 1, '2017-11-22 16:20:05', 'SYSTEM', '2017-11-22 16:20:05', 'SYSTEM'),
	(3, 4, '10005', 1, '2017-11-22 16:20:05', 'SYSTEM', '2017-11-22 16:20:05', 'SYSTEM'),
	(4, 5, '10002', 1, '2017-11-22 16:20:05', 'SYSTEM', '2017-11-22 16:20:05', 'SYSTEM'),
	(5, 6, '00002', 1, '2017-11-22 16:20:05', 'SYSTEM', '2017-11-22 16:20:05', 'SYSTEM'),
	(6, 7, '10020', 1, '2017-11-22 16:20:05', 'SYSTEM', '2017-11-22 16:20:05', 'SYSTEM');
/*!40000 ALTER TABLE `s_staff_machine` ENABLE KEYS */;

-- 导出  表 vinosinfo.s_staff_sche 结构
CREATE TABLE IF NOT EXISTS `s_staff_sche` (
  `id` int(10) unsigned NOT NULL AUTO_INCREMENT,
  `staff_code` varchar(24) COLLATE utf8mb4_unicode_ci NOT NULL DEFAULT '' COMMENT '员工工号',
  `sche_id` int(10) unsigned NOT NULL DEFAULT '0' COMMENT '班次ID',
  `start_date` date NOT NULL DEFAULT '2000-01-01' COMMENT '开始日期',
  `end_date` date NOT NULL DEFAULT '2000-01-01' COMMENT '结束日期',
  `start_time` time NOT NULL DEFAULT '00:00:00' COMMENT '上班时间',
  `end_time` time NOT NULL DEFAULT '00:00:00' COMMENT '下班时间',
  `is_enable` tinyint(3) unsigned NOT NULL DEFAULT '0' COMMENT '是否启用，0否1是',
  `create_time` timestamp NOT NULL DEFAULT CURRENT_TIMESTAMP COMMENT '创建时间',
  `create_user` varchar(48) COLLATE utf8mb4_unicode_ci NOT NULL DEFAULT '' COMMENT '创建人',
  `update_time` timestamp NOT NULL DEFAULT CURRENT_TIMESTAMP ON UPDATE CURRENT_TIMESTAMP COMMENT '更新时间',
  `update_user` varchar(48) COLLATE utf8mb4_unicode_ci NOT NULL DEFAULT '' COMMENT '更新人',
  PRIMARY KEY (`id`)
) ENGINE=InnoDB DEFAULT CHARSET=utf8mb4 COLLATE=utf8mb4_unicode_ci COMMENT='员工班次表';

-- 正在导出表  vinosinfo.s_staff_sche 的数据：~0 rows (大约)
/*!40000 ALTER TABLE `s_staff_sche` DISABLE KEYS */;
/*!40000 ALTER TABLE `s_staff_sche` ENABLE KEYS */;

-- 导出  表 vinosinfo.u_check_in_out 结构
CREATE TABLE IF NOT EXISTS `u_check_in_out` (
  `id` int(11) unsigned NOT NULL AUTO_INCREMENT,
  `machine_id` int(11) unsigned NOT NULL DEFAULT '0' COMMENT '员工考勤机id',
  `check_time` datetime DEFAULT NULL,
  `check_date` date NOT NULL DEFAULT '2017-11-16' COMMENT '考勤日',
  `sche` tinyint(3) NOT NULL DEFAULT '1' COMMENT '班次（每日第几次上下班）',
  `create_time` timestamp NOT NULL DEFAULT CURRENT_TIMESTAMP COMMENT '创建时间',
  `create_user` varchar(48) COLLATE utf8mb4_unicode_ci NOT NULL DEFAULT 'SYSTEM' COMMENT '创建人',
  PRIMARY KEY (`id`),
  KEY `check_time` (`check_time`)
) ENGINE=InnoDB DEFAULT CHARSET=utf8mb4 COLLATE=utf8mb4_unicode_ci COMMENT='打卡表';

-- 正在导出表  vinosinfo.u_check_in_out 的数据：~0 rows (大约)
/*!40000 ALTER TABLE `u_check_in_out` DISABLE KEYS */;
/*!40000 ALTER TABLE `u_check_in_out` ENABLE KEYS */;

-- 导出  表 vinosinfo.u_role 结构
CREATE TABLE IF NOT EXISTS `u_role` (
  `id` int(10) unsigned NOT NULL AUTO_INCREMENT,
  `role_name` varchar(48) COLLATE utf8mb4_unicode_ci NOT NULL DEFAULT '0' COMMENT '角色名称',
  `is_enable` tinyint(3) unsigned NOT NULL DEFAULT '0' COMMENT '是否启用，0否1是',
  `create_time` timestamp NOT NULL DEFAULT CURRENT_TIMESTAMP COMMENT '创建时间',
  `create_user` varchar(48) COLLATE utf8mb4_unicode_ci NOT NULL DEFAULT '' COMMENT '创建人',
  `update_time` timestamp NOT NULL DEFAULT CURRENT_TIMESTAMP ON UPDATE CURRENT_TIMESTAMP COMMENT '更新时间',
  `update_user` varchar(48) COLLATE utf8mb4_unicode_ci NOT NULL DEFAULT '' COMMENT '更新人',
  PRIMARY KEY (`id`)
) ENGINE=InnoDB AUTO_INCREMENT=2 DEFAULT CHARSET=utf8mb4 COLLATE=utf8mb4_unicode_ci COMMENT='角色表';

-- 正在导出表  vinosinfo.u_role 的数据：~1 rows (大约)
/*!40000 ALTER TABLE `u_role` DISABLE KEYS */;
INSERT INTO `u_role` (`id`, `role_name`, `is_enable`, `create_time`, `create_user`, `update_time`, `update_user`) VALUES
	(1, '管理员', 1, '2017-11-05 14:41:25', 'LIUXU', '2017-11-08 14:18:26', 'a');
/*!40000 ALTER TABLE `u_role` ENABLE KEYS */;

-- 导出  表 vinosinfo.u_role_privilege 结构
CREATE TABLE IF NOT EXISTS `u_role_privilege` (
  `id` int(10) unsigned NOT NULL AUTO_INCREMENT,
  `role_id` int(10) unsigned NOT NULL DEFAULT '0' COMMENT '角色表id',
  `menu_id` int(10) unsigned NOT NULL DEFAULT '0' COMMENT '菜单表id',
  `is_enable` tinyint(3) unsigned NOT NULL DEFAULT '0' COMMENT '是否启用，0否1是',
  `create_time` timestamp NOT NULL DEFAULT CURRENT_TIMESTAMP COMMENT '创建时间',
  `create_user` varchar(48) COLLATE utf8mb4_unicode_ci NOT NULL DEFAULT '' COMMENT '创建人',
  `update_time` timestamp NOT NULL DEFAULT CURRENT_TIMESTAMP ON UPDATE CURRENT_TIMESTAMP COMMENT '更新时间',
  `update_user` varchar(48) COLLATE utf8mb4_unicode_ci NOT NULL DEFAULT '' COMMENT '更新人',
  `is_delete` tinyint(3) unsigned NOT NULL DEFAULT '0',
  PRIMARY KEY (`id`)
) ENGINE=InnoDB AUTO_INCREMENT=575 DEFAULT CHARSET=utf8mb4 COLLATE=utf8mb4_unicode_ci COMMENT='角色权限表';

-- 正在导出表  vinosinfo.u_role_privilege 的数据：~574 rows (大约)
/*!40000 ALTER TABLE `u_role_privilege` DISABLE KEYS */;
INSERT INTO `u_role_privilege` (`id`, `role_id`, `menu_id`, `is_enable`, `create_time`, `create_user`, `update_time`, `update_user`, `is_delete`) VALUES
	(1, 1, 1, 1, '2017-11-05 14:58:48', '', '2017-11-14 17:16:50', 'LIUXU', 1),
	(2, 1, 6, 1, '2017-11-05 20:00:14', '', '2017-11-14 17:16:50', 'LIUXU', 1),
	(3, 1, 7, 1, '2017-11-06 16:41:43', '', '2017-11-14 17:16:50', 'LIUXU', 1),
	(4, 1, 8, 1, '2017-11-06 16:57:13', '', '2017-11-14 17:16:50', 'LIUXU', 1),
	(5, 1, 9, 1, '2017-11-08 14:26:38', '', '2017-11-14 17:16:50', 'LIUXU', 1),
	(6, 1, 10, 1, '2017-11-08 15:08:35', '', '2017-11-14 17:16:50', 'LIUXU', 1),
	(7, 1, 11, 1, '2017-11-08 15:08:39', '', '2017-11-14 17:16:50', 'LIUXU', 1),
	(8, 1, 12, 1, '2017-11-08 15:52:55', '', '2017-11-14 17:16:50', 'LIUXU', 1),
	(9, 1, 13, 1, '2017-11-11 16:09:59', '', '2017-11-14 17:16:50', 'LIUXU', 1),
	(10, 0, 1, 0, '2017-11-11 16:25:19', 'a', '2017-11-11 16:37:21', 'a', 1),
	(11, 0, 2, 0, '2017-11-11 16:25:19', 'a', '2017-11-11 16:37:21', 'a', 1),
	(12, 0, 3, 0, '2017-11-11 16:25:19', 'a', '2017-11-11 16:37:21', 'a', 1),
	(13, 0, 4, 0, '2017-11-11 16:25:19', 'a', '2017-11-11 16:37:21', 'a', 1),
	(14, 0, 5, 0, '2017-11-11 16:25:19', 'a', '2017-11-11 16:37:21', 'a', 1),
	(15, 0, 6, 0, '2017-11-11 16:25:19', 'a', '2017-11-11 16:37:21', 'a', 1),
	(16, 0, 7, 0, '2017-11-11 16:25:19', 'a', '2017-11-11 16:37:21', 'a', 1),
	(17, 0, 8, 0, '2017-11-11 16:25:19', 'a', '2017-11-11 16:37:21', 'a', 1),
	(18, 0, 9, 0, '2017-11-11 16:25:19', 'a', '2017-11-11 16:37:21', 'a', 1),
	(19, 0, 10, 0, '2017-11-11 16:25:19', 'a', '2017-11-11 16:37:21', 'a', 1),
	(20, 0, 11, 0, '2017-11-11 16:25:19', 'a', '2017-11-11 16:37:21', 'a', 1),
	(21, 0, 12, 0, '2017-11-11 16:25:19', 'a', '2017-11-11 16:37:21', 'a', 1),
	(22, 0, 13, 0, '2017-11-11 16:25:19', 'a', '2017-11-11 16:37:21', 'a', 1),
	(23, 1, 1, 1, '2017-11-11 16:25:44', 'a', '2017-11-14 17:16:50', 'LIUXU', 1),
	(24, 1, 2, 1, '2017-11-11 16:25:44', 'a', '2017-11-14 17:16:50', 'LIUXU', 1),
	(25, 1, 3, 1, '2017-11-11 16:25:44', 'a', '2017-11-14 17:16:50', 'LIUXU', 1),
	(26, 1, 4, 1, '2017-11-11 16:25:44', 'a', '2017-11-14 17:16:50', 'LIUXU', 1),
	(27, 1, 5, 1, '2017-11-11 16:25:44', 'a', '2017-11-14 17:16:50', 'LIUXU', 1),
	(28, 1, 6, 1, '2017-11-11 16:25:44', 'a', '2017-11-14 17:16:50', 'LIUXU', 1),
	(29, 1, 7, 1, '2017-11-11 16:25:44', 'a', '2017-11-14 17:16:50', 'LIUXU', 1),
	(30, 1, 8, 1, '2017-11-11 16:25:44', 'a', '2017-11-14 17:16:50', 'LIUXU', 1),
	(31, 1, 9, 1, '2017-11-11 16:25:44', 'a', '2017-11-14 17:16:50', 'LIUXU', 1),
	(32, 1, 10, 1, '2017-11-11 16:25:44', 'a', '2017-11-14 17:16:50', 'LIUXU', 1),
	(33, 1, 11, 1, '2017-11-11 16:25:44', 'a', '2017-11-14 17:16:50', 'LIUXU', 1),
	(34, 1, 12, 1, '2017-11-11 16:25:44', 'a', '2017-11-14 17:16:50', 'LIUXU', 1),
	(35, 1, 13, 1, '2017-11-11 16:25:44', 'a', '2017-11-14 17:16:50', 'LIUXU', 1),
	(36, 1, 1, 1, '2017-11-11 16:27:35', 'a', '2017-11-14 17:16:50', 'LIUXU', 1),
	(37, 1, 2, 1, '2017-11-11 16:27:35', 'a', '2017-11-14 17:16:50', 'LIUXU', 1),
	(38, 1, 3, 1, '2017-11-11 16:27:35', 'a', '2017-11-14 17:16:50', 'LIUXU', 1),
	(39, 1, 4, 1, '2017-11-11 16:27:35', 'a', '2017-11-14 17:16:50', 'LIUXU', 1),
	(40, 1, 5, 1, '2017-11-11 16:27:35', 'a', '2017-11-14 17:16:50', 'LIUXU', 1),
	(41, 1, 6, 1, '2017-11-11 16:27:35', 'a', '2017-11-14 17:16:50', 'LIUXU', 1),
	(42, 1, 7, 1, '2017-11-11 16:27:35', 'a', '2017-11-14 17:16:50', 'LIUXU', 1),
	(43, 1, 8, 1, '2017-11-11 16:27:35', 'a', '2017-11-14 17:16:50', 'LIUXU', 1),
	(44, 1, 9, 1, '2017-11-11 16:27:35', 'a', '2017-11-14 17:16:50', 'LIUXU', 1),
	(45, 1, 10, 1, '2017-11-11 16:27:35', 'a', '2017-11-14 17:16:50', 'LIUXU', 1),
	(46, 1, 11, 1, '2017-11-11 16:27:35', 'a', '2017-11-14 17:16:50', 'LIUXU', 1),
	(47, 1, 12, 1, '2017-11-11 16:27:35', 'a', '2017-11-14 17:16:50', 'LIUXU', 1),
	(48, 1, 13, 1, '2017-11-11 16:27:35', 'a', '2017-11-14 17:16:50', 'LIUXU', 1),
	(49, 1, 1, 1, '2017-11-11 16:32:34', 'a', '2017-11-14 17:16:50', 'LIUXU', 1),
	(50, 1, 2, 1, '2017-11-11 16:32:34', 'a', '2017-11-14 17:16:50', 'LIUXU', 1),
	(51, 1, 3, 1, '2017-11-11 16:32:34', 'a', '2017-11-14 17:16:50', 'LIUXU', 1),
	(52, 1, 4, 1, '2017-11-11 16:32:34', 'a', '2017-11-14 17:16:50', 'LIUXU', 1),
	(53, 1, 5, 1, '2017-11-11 16:32:34', 'a', '2017-11-14 17:16:50', 'LIUXU', 1),
	(54, 1, 6, 1, '2017-11-11 16:32:34', 'a', '2017-11-14 17:16:50', 'LIUXU', 1),
	(55, 1, 7, 1, '2017-11-11 16:32:34', 'a', '2017-11-14 17:16:50', 'LIUXU', 1),
	(56, 1, 8, 1, '2017-11-11 16:32:34', 'a', '2017-11-14 17:16:50', 'LIUXU', 1),
	(57, 1, 9, 1, '2017-11-11 16:32:34', 'a', '2017-11-14 17:16:50', 'LIUXU', 1),
	(58, 1, 10, 1, '2017-11-11 16:32:34', 'a', '2017-11-14 17:16:50', 'LIUXU', 1),
	(59, 1, 11, 1, '2017-11-11 16:32:34', 'a', '2017-11-14 17:16:50', 'LIUXU', 1),
	(60, 1, 12, 1, '2017-11-11 16:32:34', 'a', '2017-11-14 17:16:50', 'LIUXU', 1),
	(61, 1, 13, 1, '2017-11-11 16:34:31', '', '2017-11-14 17:16:50', 'LIUXU', 1),
	(62, 1, 1, 1, '2017-11-11 16:34:37', 'a', '2017-11-14 17:16:50', 'LIUXU', 1),
	(63, 1, 2, 1, '2017-11-11 16:34:37', 'a', '2017-11-14 17:16:50', 'LIUXU', 1),
	(64, 1, 3, 1, '2017-11-11 16:34:37', 'a', '2017-11-14 17:16:50', 'LIUXU', 1),
	(65, 1, 4, 1, '2017-11-11 16:34:37', 'a', '2017-11-14 17:16:50', 'LIUXU', 1),
	(66, 1, 5, 1, '2017-11-11 16:34:37', 'a', '2017-11-14 17:16:50', 'LIUXU', 1),
	(67, 1, 6, 1, '2017-11-11 16:34:37', 'a', '2017-11-14 17:16:50', 'LIUXU', 1),
	(68, 1, 7, 1, '2017-11-11 16:34:37', 'a', '2017-11-14 17:16:50', 'LIUXU', 1),
	(69, 1, 8, 1, '2017-11-11 16:34:37', 'a', '2017-11-14 17:16:50', 'LIUXU', 1),
	(70, 1, 9, 1, '2017-11-11 16:34:37', 'a', '2017-11-14 17:16:50', 'LIUXU', 1),
	(71, 1, 10, 1, '2017-11-11 16:34:37', 'a', '2017-11-14 17:16:50', 'LIUXU', 1),
	(72, 1, 11, 1, '2017-11-11 16:34:37', 'a', '2017-11-14 17:16:50', 'LIUXU', 1),
	(73, 1, 12, 1, '2017-11-11 16:34:37', 'a', '2017-11-14 17:16:50', 'LIUXU', 1),
	(74, 1, 13, 1, '2017-11-11 16:34:37', 'a', '2017-11-14 17:16:50', 'LIUXU', 1),
	(75, 1, 2, 1, '2017-11-11 16:36:02', 'a', '2017-11-14 17:16:50', 'LIUXU', 1),
	(76, 1, 3, 1, '2017-11-11 16:36:02', 'a', '2017-11-14 17:16:50', 'LIUXU', 1),
	(77, 1, 4, 1, '2017-11-11 16:36:02', 'a', '2017-11-14 17:16:50', 'LIUXU', 1),
	(78, 1, 5, 1, '2017-11-11 16:36:02', 'a', '2017-11-14 17:16:50', 'LIUXU', 1),
	(79, 1, 6, 1, '2017-11-11 16:36:02', 'a', '2017-11-14 17:16:50', 'LIUXU', 1),
	(80, 1, 7, 1, '2017-11-11 16:36:02', 'a', '2017-11-14 17:16:50', 'LIUXU', 1),
	(81, 1, 8, 1, '2017-11-11 16:36:02', 'a', '2017-11-14 17:16:50', 'LIUXU', 1),
	(82, 1, 9, 1, '2017-11-11 16:36:02', 'a', '2017-11-14 17:16:50', 'LIUXU', 1),
	(83, 1, 10, 1, '2017-11-11 16:36:02', 'a', '2017-11-14 17:16:50', 'LIUXU', 1),
	(84, 1, 11, 1, '2017-11-11 16:36:02', 'a', '2017-11-14 17:16:50', 'LIUXU', 1),
	(85, 1, 12, 1, '2017-11-11 16:36:02', 'a', '2017-11-14 17:16:50', 'LIUXU', 1),
	(86, 1, 13, 1, '2017-11-11 16:36:02', 'a', '2017-11-14 17:16:50', 'LIUXU', 1),
	(87, 1, 2, 1, '2017-11-11 16:36:21', 'a', '2017-11-14 17:16:50', 'LIUXU', 1),
	(88, 1, 3, 1, '2017-11-11 16:36:21', 'a', '2017-11-14 17:16:50', 'LIUXU', 1),
	(89, 1, 4, 1, '2017-11-11 16:36:21', 'a', '2017-11-14 17:16:50', 'LIUXU', 1),
	(90, 1, 6, 1, '2017-11-11 16:36:21', 'a', '2017-11-14 17:16:50', 'LIUXU', 1),
	(91, 1, 7, 1, '2017-11-11 16:36:21', 'a', '2017-11-14 17:16:50', 'LIUXU', 1),
	(92, 1, 8, 1, '2017-11-11 16:36:21', 'a', '2017-11-14 17:16:50', 'LIUXU', 1),
	(93, 1, 9, 1, '2017-11-11 16:36:21', 'a', '2017-11-14 17:16:50', 'LIUXU', 1),
	(94, 1, 10, 1, '2017-11-11 16:36:21', 'a', '2017-11-14 17:16:50', 'LIUXU', 1),
	(95, 1, 11, 1, '2017-11-11 16:36:21', 'a', '2017-11-14 17:16:50', 'LIUXU', 1),
	(96, 1, 12, 1, '2017-11-11 16:36:21', 'a', '2017-11-14 17:16:50', 'LIUXU', 1),
	(97, 1, 13, 1, '2017-11-11 16:36:21', 'a', '2017-11-14 17:16:50', 'LIUXU', 1),
	(98, 1, 2, 1, '2017-11-11 16:42:53', 'a', '2017-11-14 17:16:50', 'LIUXU', 1),
	(99, 1, 3, 1, '2017-11-11 16:42:53', 'a', '2017-11-14 17:16:50', 'LIUXU', 1),
	(100, 1, 4, 1, '2017-11-11 16:42:53', 'a', '2017-11-14 17:16:50', 'LIUXU', 1),
	(101, 1, 6, 1, '2017-11-11 16:42:53', 'a', '2017-11-14 17:16:50', 'LIUXU', 1),
	(102, 1, 7, 1, '2017-11-11 16:42:53', 'a', '2017-11-14 17:16:50', 'LIUXU', 1),
	(103, 1, 8, 1, '2017-11-11 16:42:53', 'a', '2017-11-14 17:16:50', 'LIUXU', 1),
	(104, 1, 9, 1, '2017-11-11 16:42:53', 'a', '2017-11-14 17:16:50', 'LIUXU', 1),
	(105, 1, 10, 1, '2017-11-11 16:42:53', 'a', '2017-11-14 17:16:50', 'LIUXU', 1),
	(106, 1, 11, 1, '2017-11-11 16:42:53', 'a', '2017-11-14 17:16:50', 'LIUXU', 1),
	(107, 1, 12, 1, '2017-11-11 16:42:53', 'a', '2017-11-14 17:16:50', 'LIUXU', 1),
	(108, 1, 13, 1, '2017-11-11 16:42:53', 'a', '2017-11-14 17:16:50', 'LIUXU', 1),
	(109, 1, 2, 1, '2017-11-11 16:43:25', 'a', '2017-11-14 17:16:50', 'LIUXU', 1),
	(110, 1, 3, 1, '2017-11-11 16:43:25', 'a', '2017-11-14 17:16:50', 'LIUXU', 1),
	(111, 1, 4, 1, '2017-11-11 16:43:25', 'a', '2017-11-14 17:16:50', 'LIUXU', 1),
	(112, 1, 6, 1, '2017-11-11 16:43:25', 'a', '2017-11-14 17:16:50', 'LIUXU', 1),
	(113, 1, 7, 1, '2017-11-11 16:43:25', 'a', '2017-11-14 17:16:50', 'LIUXU', 1),
	(114, 1, 8, 1, '2017-11-11 16:43:25', 'a', '2017-11-14 17:16:50', 'LIUXU', 1),
	(115, 1, 9, 1, '2017-11-11 16:43:25', 'a', '2017-11-14 17:16:50', 'LIUXU', 1),
	(116, 1, 10, 1, '2017-11-11 16:43:25', 'a', '2017-11-14 17:16:50', 'LIUXU', 1),
	(117, 1, 11, 1, '2017-11-11 16:43:25', 'a', '2017-11-14 17:16:50', 'LIUXU', 1),
	(118, 1, 12, 1, '2017-11-11 16:43:25', 'a', '2017-11-14 17:16:50', 'LIUXU', 1),
	(119, 1, 13, 1, '2017-11-11 16:50:27', '', '2017-11-14 17:16:50', 'LIUXU', 1),
	(120, 1, 2, 1, '2017-11-11 16:50:34', 'a', '2017-11-14 17:16:50', 'LIUXU', 1),
	(121, 1, 3, 1, '2017-11-11 16:50:34', 'a', '2017-11-14 17:16:50', 'LIUXU', 1),
	(122, 1, 4, 1, '2017-11-11 16:50:34', 'a', '2017-11-14 17:16:50', 'LIUXU', 1),
	(123, 1, 6, 1, '2017-11-11 16:50:34', 'a', '2017-11-14 17:16:50', 'LIUXU', 1),
	(124, 1, 7, 1, '2017-11-11 16:50:34', 'a', '2017-11-14 17:16:50', 'LIUXU', 1),
	(125, 1, 8, 1, '2017-11-11 16:50:34', 'a', '2017-11-14 17:16:50', 'LIUXU', 1),
	(126, 1, 9, 1, '2017-11-11 16:50:34', 'a', '2017-11-14 17:16:50', 'LIUXU', 1),
	(127, 1, 10, 1, '2017-11-11 16:50:34', 'a', '2017-11-14 17:16:50', 'LIUXU', 1),
	(128, 1, 11, 1, '2017-11-11 16:50:34', 'a', '2017-11-14 17:16:50', 'LIUXU', 1),
	(129, 1, 12, 1, '2017-11-11 16:50:34', 'a', '2017-11-14 17:16:50', 'LIUXU', 1),
	(130, 1, 13, 1, '2017-11-11 16:50:34', 'a', '2017-11-14 17:16:50', 'LIUXU', 1),
	(131, 1, 2, 1, '2017-11-11 16:52:44', 'a', '2017-11-14 17:16:50', 'LIUXU', 1),
	(132, 1, 3, 1, '2017-11-11 16:52:44', 'a', '2017-11-14 17:16:50', 'LIUXU', 1),
	(133, 1, 4, 1, '2017-11-11 16:52:44', 'a', '2017-11-14 17:16:50', 'LIUXU', 1),
	(134, 1, 6, 1, '2017-11-11 16:52:44', 'a', '2017-11-14 17:16:50', 'LIUXU', 1),
	(135, 1, 7, 1, '2017-11-11 16:52:44', 'a', '2017-11-14 17:16:50', 'LIUXU', 1),
	(136, 1, 8, 1, '2017-11-11 16:52:44', 'a', '2017-11-14 17:16:50', 'LIUXU', 1),
	(137, 1, 9, 1, '2017-11-11 16:52:44', 'a', '2017-11-14 17:16:50', 'LIUXU', 1),
	(138, 1, 10, 1, '2017-11-11 16:52:44', 'a', '2017-11-14 17:16:50', 'LIUXU', 1),
	(139, 1, 11, 1, '2017-11-11 16:52:44', 'a', '2017-11-14 17:16:50', 'LIUXU', 1),
	(140, 1, 12, 1, '2017-11-11 16:52:44', 'a', '2017-11-14 17:16:50', 'LIUXU', 1),
	(141, 1, 13, 1, '2017-11-11 16:52:44', 'a', '2017-11-14 17:16:50', 'LIUXU', 1),
	(142, 1, 1, 1, '2017-11-11 16:57:59', 'a', '2017-11-14 17:16:50', 'LIUXU', 1),
	(143, 1, 2, 1, '2017-11-11 16:57:59', 'a', '2017-11-14 17:16:50', 'LIUXU', 1),
	(144, 1, 3, 1, '2017-11-11 16:57:59', 'a', '2017-11-14 17:16:50', 'LIUXU', 1),
	(145, 1, 4, 1, '2017-11-11 16:57:59', 'a', '2017-11-14 17:16:50', 'LIUXU', 1),
	(146, 1, 5, 1, '2017-11-11 16:57:59', 'a', '2017-11-14 17:16:50', 'LIUXU', 1),
	(147, 1, 6, 1, '2017-11-11 16:57:59', 'a', '2017-11-14 17:16:50', 'LIUXU', 1),
	(148, 1, 7, 1, '2017-11-11 16:57:59', 'a', '2017-11-14 17:16:50', 'LIUXU', 1),
	(149, 1, 8, 1, '2017-11-11 16:57:59', 'a', '2017-11-14 17:16:50', 'LIUXU', 1),
	(150, 1, 9, 1, '2017-11-11 16:57:59', 'a', '2017-11-14 17:16:50', 'LIUXU', 1),
	(151, 1, 10, 1, '2017-11-11 16:57:59', 'a', '2017-11-14 17:16:50', 'LIUXU', 1),
	(152, 1, 11, 1, '2017-11-11 16:57:59', 'a', '2017-11-14 17:16:50', 'LIUXU', 1),
	(153, 1, 12, 1, '2017-11-11 16:57:59', 'a', '2017-11-14 17:16:50', 'LIUXU', 1),
	(154, 1, 13, 1, '2017-11-11 16:57:59', 'a', '2017-11-14 17:16:50', 'LIUXU', 1),
	(155, 1, 1, 1, '2017-11-11 17:27:17', 'a', '2017-11-14 17:16:50', 'LIUXU', 1),
	(156, 1, 2, 1, '2017-11-11 17:27:17', 'a', '2017-11-14 17:16:50', 'LIUXU', 1),
	(157, 1, 3, 1, '2017-11-11 17:27:17', 'a', '2017-11-14 17:16:50', 'LIUXU', 1),
	(158, 1, 4, 1, '2017-11-11 17:27:17', 'a', '2017-11-14 17:16:50', 'LIUXU', 1),
	(159, 1, 5, 1, '2017-11-11 17:27:17', 'a', '2017-11-14 17:16:50', 'LIUXU', 1),
	(160, 1, 6, 1, '2017-11-11 17:27:17', 'a', '2017-11-14 17:16:50', 'LIUXU', 1),
	(161, 1, 7, 1, '2017-11-11 17:27:17', 'a', '2017-11-14 17:16:50', 'LIUXU', 1),
	(162, 1, 8, 1, '2017-11-11 17:27:17', 'a', '2017-11-14 17:16:50', 'LIUXU', 1),
	(163, 1, 9, 1, '2017-11-11 17:27:17', 'a', '2017-11-14 17:16:50', 'LIUXU', 1),
	(164, 1, 10, 1, '2017-11-11 17:27:17', 'a', '2017-11-14 17:16:50', 'LIUXU', 1),
	(165, 1, 11, 1, '2017-11-11 17:27:17', 'a', '2017-11-14 17:16:50', 'LIUXU', 1),
	(166, 1, 12, 1, '2017-11-11 17:27:17', 'a', '2017-11-14 17:16:50', 'LIUXU', 1),
	(167, 1, 13, 1, '2017-11-11 17:27:17', 'a', '2017-11-14 17:16:50', 'LIUXU', 1),
	(168, 1, 14, 1, '2017-11-11 17:27:17', 'a', '2017-11-14 17:16:50', 'LIUXU', 1),
	(169, 1, 15, 1, '2017-11-11 17:27:17', 'a', '2017-11-14 17:16:50', 'LIUXU', 1),
	(170, 1, 1, 1, '2017-11-14 17:16:50', 'LIUXU', '2017-11-14 17:24:03', 'LIUXU', 1),
	(171, 1, 2, 1, '2017-11-14 17:16:50', 'LIUXU', '2017-11-14 17:24:03', 'LIUXU', 1),
	(172, 1, 3, 1, '2017-11-14 17:16:50', 'LIUXU', '2017-11-14 17:24:03', 'LIUXU', 1),
	(173, 1, 4, 1, '2017-11-14 17:16:50', 'LIUXU', '2017-11-14 17:24:03', 'LIUXU', 1),
	(174, 1, 5, 1, '2017-11-14 17:16:50', 'LIUXU', '2017-11-14 17:24:03', 'LIUXU', 1),
	(175, 1, 6, 1, '2017-11-14 17:16:50', 'LIUXU', '2017-11-14 17:24:03', 'LIUXU', 1),
	(176, 1, 7, 1, '2017-11-14 17:16:50', 'LIUXU', '2017-11-14 17:24:03', 'LIUXU', 1),
	(177, 1, 8, 1, '2017-11-14 17:16:50', 'LIUXU', '2017-11-14 17:24:03', 'LIUXU', 1),
	(178, 1, 9, 1, '2017-11-14 17:16:50', 'LIUXU', '2017-11-14 17:24:03', 'LIUXU', 1),
	(179, 1, 10, 1, '2017-11-14 17:16:50', 'LIUXU', '2017-11-14 17:24:03', 'LIUXU', 1),
	(180, 1, 11, 1, '2017-11-14 17:16:50', 'LIUXU', '2017-11-14 17:24:03', 'LIUXU', 1),
	(181, 1, 12, 1, '2017-11-14 17:16:50', 'LIUXU', '2017-11-14 17:24:03', 'LIUXU', 1),
	(182, 1, 13, 1, '2017-11-14 17:16:50', 'LIUXU', '2017-11-14 17:24:03', 'LIUXU', 1),
	(183, 1, 14, 1, '2017-11-14 17:16:50', 'LIUXU', '2017-11-14 17:24:03', 'LIUXU', 1),
	(184, 1, 15, 1, '2017-11-14 17:16:50', 'LIUXU', '2017-11-14 17:24:03', 'LIUXU', 1),
	(185, 1, 16, 1, '2017-11-14 17:16:50', 'LIUXU', '2017-11-14 17:24:03', 'LIUXU', 1),
	(186, 1, 17, 1, '2017-11-14 17:16:50', 'LIUXU', '2017-11-14 17:24:03', 'LIUXU', 1),
	(187, 1, 1, 1, '2017-11-14 17:24:03', 'LIUXU', '2017-11-15 20:32:31', 'LIUXU', 1),
	(188, 1, 2, 1, '2017-11-14 17:24:03', 'LIUXU', '2017-11-15 20:32:31', 'LIUXU', 1),
	(189, 1, 3, 1, '2017-11-14 17:24:03', 'LIUXU', '2017-11-15 20:32:31', 'LIUXU', 1),
	(190, 1, 4, 1, '2017-11-14 17:24:03', 'LIUXU', '2017-11-15 20:32:31', 'LIUXU', 1),
	(191, 1, 5, 1, '2017-11-14 17:24:03', 'LIUXU', '2017-11-15 20:32:31', 'LIUXU', 1),
	(192, 1, 6, 1, '2017-11-14 17:24:03', 'LIUXU', '2017-11-15 20:32:31', 'LIUXU', 1),
	(193, 1, 7, 1, '2017-11-14 17:24:03', 'LIUXU', '2017-11-15 20:32:31', 'LIUXU', 1),
	(194, 1, 8, 1, '2017-11-14 17:24:03', 'LIUXU', '2017-11-15 20:32:31', 'LIUXU', 1),
	(195, 1, 9, 1, '2017-11-14 17:24:03', 'LIUXU', '2017-11-15 20:32:31', 'LIUXU', 1),
	(196, 1, 10, 1, '2017-11-14 17:24:03', 'LIUXU', '2017-11-15 20:32:31', 'LIUXU', 1),
	(197, 1, 11, 1, '2017-11-14 17:24:03', 'LIUXU', '2017-11-15 20:32:31', 'LIUXU', 1),
	(198, 1, 12, 1, '2017-11-14 17:24:03', 'LIUXU', '2017-11-15 20:32:31', 'LIUXU', 1),
	(199, 1, 13, 1, '2017-11-14 17:24:03', 'LIUXU', '2017-11-15 20:32:31', 'LIUXU', 1),
	(200, 1, 14, 1, '2017-11-14 17:24:03', 'LIUXU', '2017-11-15 20:32:31', 'LIUXU', 1),
	(201, 1, 15, 1, '2017-11-14 17:24:03', 'LIUXU', '2017-11-15 20:32:31', 'LIUXU', 1),
	(202, 1, 16, 1, '2017-11-14 17:24:03', 'LIUXU', '2017-11-15 20:32:31', 'LIUXU', 1),
	(203, 1, 17, 1, '2017-11-14 17:24:03', 'LIUXU', '2017-11-15 20:32:31', 'LIUXU', 1),
	(204, 1, 18, 1, '2017-11-14 17:24:03', 'LIUXU', '2017-11-15 20:32:31', 'LIUXU', 1),
	(205, 1, 19, 1, '2017-11-14 17:24:03', 'LIUXU', '2017-11-15 20:32:31', 'LIUXU', 1),
	(206, 1, 20, 1, '2017-11-14 17:24:03', 'LIUXU', '2017-11-15 20:32:31', 'LIUXU', 1),
	(207, 1, 1, 1, '2017-11-15 20:32:31', 'LIUXU', '2017-11-19 15:37:02', 'LIUXU', 1),
	(208, 1, 2, 1, '2017-11-15 20:32:31', 'LIUXU', '2017-11-19 15:37:02', 'LIUXU', 1),
	(209, 1, 3, 1, '2017-11-15 20:32:31', 'LIUXU', '2017-11-19 15:37:02', 'LIUXU', 1),
	(210, 1, 4, 1, '2017-11-15 20:32:31', 'LIUXU', '2017-11-19 15:37:02', 'LIUXU', 1),
	(211, 1, 5, 1, '2017-11-15 20:32:31', 'LIUXU', '2017-11-19 15:37:02', 'LIUXU', 1),
	(212, 1, 6, 1, '2017-11-15 20:32:31', 'LIUXU', '2017-11-19 15:37:02', 'LIUXU', 1),
	(213, 1, 7, 1, '2017-11-15 20:32:31', 'LIUXU', '2017-11-19 15:37:02', 'LIUXU', 1),
	(214, 1, 8, 1, '2017-11-15 20:32:31', 'LIUXU', '2017-11-19 15:37:02', 'LIUXU', 1),
	(215, 1, 9, 1, '2017-11-15 20:32:31', 'LIUXU', '2017-11-19 15:37:02', 'LIUXU', 1),
	(216, 1, 10, 1, '2017-11-15 20:32:31', 'LIUXU', '2017-11-19 15:37:02', 'LIUXU', 1),
	(217, 1, 11, 1, '2017-11-15 20:32:31', 'LIUXU', '2017-11-19 15:37:02', 'LIUXU', 1),
	(218, 1, 12, 1, '2017-11-15 20:32:31', 'LIUXU', '2017-11-19 15:37:02', 'LIUXU', 1),
	(219, 1, 13, 1, '2017-11-15 20:32:31', 'LIUXU', '2017-11-19 15:37:02', 'LIUXU', 1),
	(220, 1, 14, 1, '2017-11-15 20:32:31', 'LIUXU', '2017-11-19 15:37:02', 'LIUXU', 1),
	(221, 1, 15, 1, '2017-11-15 20:32:31', 'LIUXU', '2017-11-19 15:37:02', 'LIUXU', 1),
	(222, 1, 16, 1, '2017-11-15 20:32:31', 'LIUXU', '2017-11-19 15:37:02', 'LIUXU', 1),
	(223, 1, 17, 1, '2017-11-15 20:32:31', 'LIUXU', '2017-11-19 15:37:02', 'LIUXU', 1),
	(224, 1, 18, 1, '2017-11-15 20:32:31', 'LIUXU', '2017-11-19 15:37:02', 'LIUXU', 1),
	(225, 1, 19, 1, '2017-11-15 20:32:31', 'LIUXU', '2017-11-19 15:37:02', 'LIUXU', 1),
	(226, 1, 20, 1, '2017-11-15 20:32:31', 'LIUXU', '2017-11-19 15:37:02', 'LIUXU', 1),
	(227, 1, 21, 1, '2017-11-15 20:32:31', 'LIUXU', '2017-11-19 15:37:02', 'LIUXU', 1),
	(228, 1, 22, 1, '2017-11-15 20:32:31', 'LIUXU', '2017-11-19 15:37:02', 'LIUXU', 1),
	(229, 1, 23, 1, '2017-11-15 20:32:31', 'LIUXU', '2017-11-19 15:37:02', 'LIUXU', 1),
	(230, 1, 1, 1, '2017-11-19 15:37:02', 'LIUXU', '2017-11-19 15:48:53', 'LIUXU', 1),
	(231, 1, 2, 1, '2017-11-19 15:37:02', 'LIUXU', '2017-11-19 15:48:53', 'LIUXU', 1),
	(232, 1, 3, 1, '2017-11-19 15:37:02', 'LIUXU', '2017-11-19 15:48:53', 'LIUXU', 1),
	(233, 1, 4, 1, '2017-11-19 15:37:02', 'LIUXU', '2017-11-19 15:48:53', 'LIUXU', 1),
	(234, 1, 5, 1, '2017-11-19 15:37:02', 'LIUXU', '2017-11-19 15:48:53', 'LIUXU', 1),
	(235, 1, 6, 1, '2017-11-19 15:37:02', 'LIUXU', '2017-11-19 15:48:53', 'LIUXU', 1),
	(236, 1, 7, 1, '2017-11-19 15:37:02', 'LIUXU', '2017-11-19 15:48:53', 'LIUXU', 1),
	(237, 1, 8, 1, '2017-11-19 15:37:02', 'LIUXU', '2017-11-19 15:48:53', 'LIUXU', 1),
	(238, 1, 9, 1, '2017-11-19 15:37:02', 'LIUXU', '2017-11-19 15:48:53', 'LIUXU', 1),
	(239, 1, 10, 1, '2017-11-19 15:37:02', 'LIUXU', '2017-11-19 15:48:53', 'LIUXU', 1),
	(240, 1, 11, 1, '2017-11-19 15:37:02', 'LIUXU', '2017-11-19 15:48:53', 'LIUXU', 1),
	(241, 1, 12, 1, '2017-11-19 15:37:02', 'LIUXU', '2017-11-19 15:48:53', 'LIUXU', 1),
	(242, 1, 13, 1, '2017-11-19 15:37:02', 'LIUXU', '2017-11-19 15:48:53', 'LIUXU', 1),
	(243, 1, 14, 1, '2017-11-19 15:37:02', 'LIUXU', '2017-11-19 15:48:53', 'LIUXU', 1),
	(244, 1, 15, 1, '2017-11-19 15:37:02', 'LIUXU', '2017-11-19 15:48:53', 'LIUXU', 1),
	(245, 1, 16, 1, '2017-11-19 15:37:02', 'LIUXU', '2017-11-19 15:48:53', 'LIUXU', 1),
	(246, 1, 17, 1, '2017-11-19 15:37:02', 'LIUXU', '2017-11-19 15:48:53', 'LIUXU', 1),
	(247, 1, 18, 1, '2017-11-19 15:37:02', 'LIUXU', '2017-11-19 15:48:53', 'LIUXU', 1),
	(248, 1, 19, 1, '2017-11-19 15:37:02', 'LIUXU', '2017-11-19 15:48:53', 'LIUXU', 1),
	(249, 1, 20, 1, '2017-11-19 15:37:02', 'LIUXU', '2017-11-19 15:48:53', 'LIUXU', 1),
	(250, 1, 21, 1, '2017-11-19 15:37:02', 'LIUXU', '2017-11-19 15:48:53', 'LIUXU', 1),
	(251, 1, 22, 1, '2017-11-19 15:37:02', 'LIUXU', '2017-11-19 15:48:53', 'LIUXU', 1),
	(252, 1, 23, 1, '2017-11-19 15:37:02', 'LIUXU', '2017-11-19 15:48:53', 'LIUXU', 1),
	(253, 1, 24, 1, '2017-11-19 15:37:02', 'LIUXU', '2017-11-19 15:48:53', 'LIUXU', 1),
	(254, 1, 25, 1, '2017-11-19 15:37:02', 'LIUXU', '2017-11-19 15:48:53', 'LIUXU', 1),
	(255, 1, 1, 1, '2017-11-19 15:48:53', 'LIUXU', '2017-11-19 16:12:57', 'LIUXU', 1),
	(256, 1, 2, 1, '2017-11-19 15:48:53', 'LIUXU', '2017-11-19 16:12:57', 'LIUXU', 1),
	(257, 1, 3, 1, '2017-11-19 15:48:53', 'LIUXU', '2017-11-19 16:12:57', 'LIUXU', 1),
	(258, 1, 4, 1, '2017-11-19 15:48:53', 'LIUXU', '2017-11-19 16:12:57', 'LIUXU', 1),
	(259, 1, 5, 1, '2017-11-19 15:48:53', 'LIUXU', '2017-11-19 16:12:57', 'LIUXU', 1),
	(260, 1, 6, 1, '2017-11-19 15:48:53', 'LIUXU', '2017-11-19 16:12:57', 'LIUXU', 1),
	(261, 1, 7, 1, '2017-11-19 15:48:53', 'LIUXU', '2017-11-19 16:12:57', 'LIUXU', 1),
	(262, 1, 8, 1, '2017-11-19 15:48:53', 'LIUXU', '2017-11-19 16:12:57', 'LIUXU', 1),
	(263, 1, 9, 1, '2017-11-19 15:48:53', 'LIUXU', '2017-11-19 16:12:57', 'LIUXU', 1),
	(264, 1, 10, 1, '2017-11-19 15:48:53', 'LIUXU', '2017-11-19 16:12:57', 'LIUXU', 1),
	(265, 1, 11, 1, '2017-11-19 15:48:53', 'LIUXU', '2017-11-19 16:12:57', 'LIUXU', 1),
	(266, 1, 12, 1, '2017-11-19 15:48:53', 'LIUXU', '2017-11-19 16:12:57', 'LIUXU', 1),
	(267, 1, 13, 1, '2017-11-19 15:48:53', 'LIUXU', '2017-11-19 16:12:57', 'LIUXU', 1),
	(268, 1, 14, 1, '2017-11-19 15:48:53', 'LIUXU', '2017-11-19 16:12:57', 'LIUXU', 1),
	(269, 1, 15, 1, '2017-11-19 15:48:53', 'LIUXU', '2017-11-19 16:12:57', 'LIUXU', 1),
	(270, 1, 16, 1, '2017-11-19 15:48:53', 'LIUXU', '2017-11-19 16:12:57', 'LIUXU', 1),
	(271, 1, 17, 1, '2017-11-19 15:48:53', 'LIUXU', '2017-11-19 16:12:57', 'LIUXU', 1),
	(272, 1, 18, 1, '2017-11-19 15:48:53', 'LIUXU', '2017-11-19 16:12:57', 'LIUXU', 1),
	(273, 1, 19, 1, '2017-11-19 15:48:53', 'LIUXU', '2017-11-19 16:12:57', 'LIUXU', 1),
	(274, 1, 20, 1, '2017-11-19 15:48:53', 'LIUXU', '2017-11-19 16:12:57', 'LIUXU', 1),
	(275, 1, 21, 1, '2017-11-19 15:48:53', 'LIUXU', '2017-11-19 16:12:57', 'LIUXU', 1),
	(276, 1, 22, 1, '2017-11-19 15:48:53', 'LIUXU', '2017-11-19 16:12:57', 'LIUXU', 1),
	(277, 1, 23, 1, '2017-11-19 15:48:53', 'LIUXU', '2017-11-19 16:12:57', 'LIUXU', 1),
	(278, 1, 24, 1, '2017-11-19 15:48:53', 'LIUXU', '2017-11-19 16:12:57', 'LIUXU', 1),
	(279, 1, 25, 1, '2017-11-19 15:48:53', 'LIUXU', '2017-11-19 16:12:57', 'LIUXU', 1),
	(280, 1, 26, 1, '2017-11-19 15:48:53', 'LIUXU', '2017-11-19 16:12:57', 'LIUXU', 1),
	(281, 1, 27, 1, '2017-11-19 15:48:53', 'LIUXU', '2017-11-19 16:12:57', 'LIUXU', 1),
	(282, 1, 1, 1, '2017-11-19 16:12:57', 'LIUXU', '2017-11-19 17:11:34', 'LIUXU', 1),
	(283, 1, 2, 1, '2017-11-19 16:12:57', 'LIUXU', '2017-11-19 17:11:34', 'LIUXU', 1),
	(284, 1, 3, 1, '2017-11-19 16:12:57', 'LIUXU', '2017-11-19 17:11:34', 'LIUXU', 1),
	(285, 1, 4, 1, '2017-11-19 16:12:57', 'LIUXU', '2017-11-19 17:11:34', 'LIUXU', 1),
	(286, 1, 5, 1, '2017-11-19 16:12:57', 'LIUXU', '2017-11-19 17:11:34', 'LIUXU', 1),
	(287, 1, 6, 1, '2017-11-19 16:12:57', 'LIUXU', '2017-11-19 17:11:34', 'LIUXU', 1),
	(288, 1, 7, 1, '2017-11-19 16:12:57', 'LIUXU', '2017-11-19 17:11:34', 'LIUXU', 1),
	(289, 1, 8, 1, '2017-11-19 16:12:57', 'LIUXU', '2017-11-19 17:11:34', 'LIUXU', 1),
	(290, 1, 9, 1, '2017-11-19 16:12:57', 'LIUXU', '2017-11-19 17:11:34', 'LIUXU', 1),
	(291, 1, 10, 1, '2017-11-19 16:12:57', 'LIUXU', '2017-11-19 17:11:34', 'LIUXU', 1),
	(292, 1, 11, 1, '2017-11-19 16:12:57', 'LIUXU', '2017-11-19 17:11:34', 'LIUXU', 1),
	(293, 1, 12, 1, '2017-11-19 16:12:57', 'LIUXU', '2017-11-19 17:11:34', 'LIUXU', 1),
	(294, 1, 13, 1, '2017-11-19 16:12:57', 'LIUXU', '2017-11-19 17:11:34', 'LIUXU', 1),
	(295, 1, 14, 1, '2017-11-19 16:12:57', 'LIUXU', '2017-11-19 17:11:34', 'LIUXU', 1),
	(296, 1, 15, 1, '2017-11-19 16:12:57', 'LIUXU', '2017-11-19 17:11:34', 'LIUXU', 1),
	(297, 1, 16, 1, '2017-11-19 16:12:57', 'LIUXU', '2017-11-19 17:11:34', 'LIUXU', 1),
	(298, 1, 17, 1, '2017-11-19 16:12:57', 'LIUXU', '2017-11-19 17:11:34', 'LIUXU', 1),
	(299, 1, 18, 1, '2017-11-19 16:12:57', 'LIUXU', '2017-11-19 17:11:34', 'LIUXU', 1),
	(300, 1, 19, 1, '2017-11-19 16:12:57', 'LIUXU', '2017-11-19 17:11:34', 'LIUXU', 1),
	(301, 1, 20, 1, '2017-11-19 16:12:57', 'LIUXU', '2017-11-19 17:11:34', 'LIUXU', 1),
	(302, 1, 21, 1, '2017-11-19 16:12:57', 'LIUXU', '2017-11-19 17:11:34', 'LIUXU', 1),
	(303, 1, 22, 1, '2017-11-19 16:12:57', 'LIUXU', '2017-11-19 17:11:34', 'LIUXU', 1),
	(304, 1, 23, 1, '2017-11-19 16:12:57', 'LIUXU', '2017-11-19 17:11:34', 'LIUXU', 1),
	(305, 1, 24, 1, '2017-11-19 16:12:57', 'LIUXU', '2017-11-19 17:11:34', 'LIUXU', 1),
	(306, 1, 25, 1, '2017-11-19 16:12:57', 'LIUXU', '2017-11-19 17:11:34', 'LIUXU', 1),
	(307, 1, 26, 1, '2017-11-19 16:12:57', 'LIUXU', '2017-11-19 17:11:34', 'LIUXU', 1),
	(308, 1, 27, 1, '2017-11-19 16:12:57', 'LIUXU', '2017-11-19 17:11:34', 'LIUXU', 1),
	(309, 1, 28, 1, '2017-11-19 16:12:57', 'LIUXU', '2017-11-19 17:11:34', 'LIUXU', 1),
	(310, 1, 29, 1, '2017-11-19 16:12:57', 'LIUXU', '2017-11-19 17:11:34', 'LIUXU', 1),
	(311, 1, 30, 1, '2017-11-19 16:12:57', 'LIUXU', '2017-11-19 17:11:34', 'LIUXU', 1),
	(312, 1, 1, 1, '2017-11-19 17:11:34', 'LIUXU', '2017-11-19 17:30:42', 'LIUXU', 1),
	(313, 1, 2, 1, '2017-11-19 17:11:34', 'LIUXU', '2017-11-19 17:30:42', 'LIUXU', 1),
	(314, 1, 3, 1, '2017-11-19 17:11:34', 'LIUXU', '2017-11-19 17:30:42', 'LIUXU', 1),
	(315, 1, 4, 1, '2017-11-19 17:11:34', 'LIUXU', '2017-11-19 17:30:42', 'LIUXU', 1),
	(316, 1, 5, 1, '2017-11-19 17:11:34', 'LIUXU', '2017-11-19 17:30:42', 'LIUXU', 1),
	(317, 1, 6, 1, '2017-11-19 17:11:34', 'LIUXU', '2017-11-19 17:30:42', 'LIUXU', 1),
	(318, 1, 7, 1, '2017-11-19 17:11:34', 'LIUXU', '2017-11-19 17:30:42', 'LIUXU', 1),
	(319, 1, 8, 1, '2017-11-19 17:11:34', 'LIUXU', '2017-11-19 17:30:42', 'LIUXU', 1),
	(320, 1, 9, 1, '2017-11-19 17:11:34', 'LIUXU', '2017-11-19 17:30:42', 'LIUXU', 1),
	(321, 1, 10, 1, '2017-11-19 17:11:34', 'LIUXU', '2017-11-19 17:30:42', 'LIUXU', 1),
	(322, 1, 11, 1, '2017-11-19 17:11:34', 'LIUXU', '2017-11-19 17:30:42', 'LIUXU', 1),
	(323, 1, 12, 1, '2017-11-19 17:11:34', 'LIUXU', '2017-11-19 17:30:42', 'LIUXU', 1),
	(324, 1, 13, 1, '2017-11-19 17:11:34', 'LIUXU', '2017-11-19 17:30:42', 'LIUXU', 1),
	(325, 1, 14, 1, '2017-11-19 17:11:34', 'LIUXU', '2017-11-19 17:30:42', 'LIUXU', 1),
	(326, 1, 15, 1, '2017-11-19 17:11:34', 'LIUXU', '2017-11-19 17:30:42', 'LIUXU', 1),
	(327, 1, 16, 1, '2017-11-19 17:11:34', 'LIUXU', '2017-11-19 17:30:42', 'LIUXU', 1),
	(328, 1, 17, 1, '2017-11-19 17:11:34', 'LIUXU', '2017-11-19 17:30:42', 'LIUXU', 1),
	(329, 1, 18, 1, '2017-11-19 17:11:34', 'LIUXU', '2017-11-19 17:30:42', 'LIUXU', 1),
	(330, 1, 19, 1, '2017-11-19 17:11:34', 'LIUXU', '2017-11-19 17:30:42', 'LIUXU', 1),
	(331, 1, 20, 1, '2017-11-19 17:11:34', 'LIUXU', '2017-11-19 17:30:42', 'LIUXU', 1),
	(332, 1, 21, 1, '2017-11-19 17:11:34', 'LIUXU', '2017-11-19 17:30:42', 'LIUXU', 1),
	(333, 1, 22, 1, '2017-11-19 17:11:34', 'LIUXU', '2017-11-19 17:30:42', 'LIUXU', 1),
	(334, 1, 23, 1, '2017-11-19 17:11:34', 'LIUXU', '2017-11-19 17:30:42', 'LIUXU', 1),
	(335, 1, 24, 1, '2017-11-19 17:11:34', 'LIUXU', '2017-11-19 17:30:42', 'LIUXU', 1),
	(336, 1, 25, 1, '2017-11-19 17:11:34', 'LIUXU', '2017-11-19 17:30:42', 'LIUXU', 1),
	(337, 1, 26, 1, '2017-11-19 17:11:34', 'LIUXU', '2017-11-19 17:30:42', 'LIUXU', 1),
	(338, 1, 27, 1, '2017-11-19 17:11:34', 'LIUXU', '2017-11-19 17:30:42', 'LIUXU', 1),
	(339, 1, 28, 1, '2017-11-19 17:11:34', 'LIUXU', '2017-11-19 17:30:42', 'LIUXU', 1),
	(340, 1, 29, 1, '2017-11-19 17:11:34', 'LIUXU', '2017-11-19 17:30:42', 'LIUXU', 1),
	(341, 1, 30, 1, '2017-11-19 17:11:34', 'LIUXU', '2017-11-19 17:30:42', 'LIUXU', 1),
	(342, 1, 31, 1, '2017-11-19 17:11:34', 'LIUXU', '2017-11-19 17:30:42', 'LIUXU', 1),
	(343, 1, 32, 1, '2017-11-19 17:11:34', 'LIUXU', '2017-11-19 17:30:42', 'LIUXU', 1),
	(344, 1, 33, 1, '2017-11-19 17:11:34', 'LIUXU', '2017-11-19 17:30:42', 'LIUXU', 1),
	(345, 1, 1, 1, '2017-11-19 17:30:42', 'LIUXU', '2017-11-20 21:40:31', 'LIUXU', 1),
	(346, 1, 2, 1, '2017-11-19 17:30:42', 'LIUXU', '2017-11-20 21:40:31', 'LIUXU', 1),
	(347, 1, 3, 1, '2017-11-19 17:30:42', 'LIUXU', '2017-11-20 21:40:31', 'LIUXU', 1),
	(348, 1, 4, 1, '2017-11-19 17:30:42', 'LIUXU', '2017-11-20 21:40:31', 'LIUXU', 1),
	(349, 1, 5, 1, '2017-11-19 17:30:42', 'LIUXU', '2017-11-20 21:40:31', 'LIUXU', 1),
	(350, 1, 6, 1, '2017-11-19 17:30:42', 'LIUXU', '2017-11-20 21:40:31', 'LIUXU', 1),
	(351, 1, 7, 1, '2017-11-19 17:30:42', 'LIUXU', '2017-11-20 21:40:31', 'LIUXU', 1),
	(352, 1, 8, 1, '2017-11-19 17:30:42', 'LIUXU', '2017-11-20 21:40:31', 'LIUXU', 1),
	(353, 1, 9, 1, '2017-11-19 17:30:42', 'LIUXU', '2017-11-20 21:40:31', 'LIUXU', 1),
	(354, 1, 10, 1, '2017-11-19 17:30:42', 'LIUXU', '2017-11-20 21:40:31', 'LIUXU', 1),
	(355, 1, 11, 1, '2017-11-19 17:30:42', 'LIUXU', '2017-11-20 21:40:31', 'LIUXU', 1),
	(356, 1, 12, 1, '2017-11-19 17:30:42', 'LIUXU', '2017-11-20 21:40:31', 'LIUXU', 1),
	(357, 1, 13, 1, '2017-11-19 17:30:42', 'LIUXU', '2017-11-20 21:40:31', 'LIUXU', 1),
	(358, 1, 14, 1, '2017-11-19 17:30:42', 'LIUXU', '2017-11-20 21:40:31', 'LIUXU', 1),
	(359, 1, 15, 1, '2017-11-19 17:30:42', 'LIUXU', '2017-11-20 21:40:31', 'LIUXU', 1),
	(360, 1, 16, 1, '2017-11-19 17:30:42', 'LIUXU', '2017-11-20 21:40:31', 'LIUXU', 1),
	(361, 1, 17, 1, '2017-11-19 17:30:42', 'LIUXU', '2017-11-20 21:40:31', 'LIUXU', 1),
	(362, 1, 18, 1, '2017-11-19 17:30:42', 'LIUXU', '2017-11-20 21:40:31', 'LIUXU', 1),
	(363, 1, 19, 1, '2017-11-19 17:30:42', 'LIUXU', '2017-11-20 21:40:31', 'LIUXU', 1),
	(364, 1, 20, 1, '2017-11-19 17:30:42', 'LIUXU', '2017-11-20 21:40:31', 'LIUXU', 1),
	(365, 1, 21, 1, '2017-11-19 17:30:42', 'LIUXU', '2017-11-20 21:40:31', 'LIUXU', 1),
	(366, 1, 22, 1, '2017-11-19 17:30:42', 'LIUXU', '2017-11-20 21:40:31', 'LIUXU', 1),
	(367, 1, 23, 1, '2017-11-19 17:30:42', 'LIUXU', '2017-11-20 21:40:31', 'LIUXU', 1),
	(368, 1, 24, 1, '2017-11-19 17:30:42', 'LIUXU', '2017-11-20 21:40:31', 'LIUXU', 1),
	(369, 1, 25, 1, '2017-11-19 17:30:42', 'LIUXU', '2017-11-20 21:40:31', 'LIUXU', 1),
	(370, 1, 26, 1, '2017-11-19 17:30:42', 'LIUXU', '2017-11-20 21:40:31', 'LIUXU', 1),
	(371, 1, 27, 1, '2017-11-19 17:30:42', 'LIUXU', '2017-11-20 21:40:31', 'LIUXU', 1),
	(372, 1, 28, 1, '2017-11-19 17:30:42', 'LIUXU', '2017-11-20 21:40:31', 'LIUXU', 1),
	(373, 1, 29, 1, '2017-11-19 17:30:42', 'LIUXU', '2017-11-20 21:40:31', 'LIUXU', 1),
	(374, 1, 30, 1, '2017-11-19 17:30:42', 'LIUXU', '2017-11-20 21:40:31', 'LIUXU', 1),
	(375, 1, 31, 1, '2017-11-19 17:30:42', 'LIUXU', '2017-11-20 21:40:31', 'LIUXU', 1),
	(376, 1, 32, 1, '2017-11-19 17:30:42', 'LIUXU', '2017-11-20 21:40:31', 'LIUXU', 1),
	(377, 1, 33, 1, '2017-11-19 17:30:42', 'LIUXU', '2017-11-20 21:40:31', 'LIUXU', 1),
	(378, 1, 34, 1, '2017-11-19 17:30:42', 'LIUXU', '2017-11-20 21:40:31', 'LIUXU', 1),
	(379, 1, 35, 1, '2017-11-19 17:30:42', 'LIUXU', '2017-11-20 21:40:31', 'LIUXU', 1),
	(380, 1, 1, 1, '2017-11-20 21:40:31', 'LIUXU', '2017-11-21 12:34:19', 'LIUXU', 1),
	(381, 1, 2, 1, '2017-11-20 21:40:31', 'LIUXU', '2017-11-21 12:34:19', 'LIUXU', 1),
	(382, 1, 3, 1, '2017-11-20 21:40:31', 'LIUXU', '2017-11-21 12:34:19', 'LIUXU', 1),
	(383, 1, 4, 1, '2017-11-20 21:40:31', 'LIUXU', '2017-11-21 12:34:19', 'LIUXU', 1),
	(384, 1, 5, 1, '2017-11-20 21:40:31', 'LIUXU', '2017-11-21 12:34:19', 'LIUXU', 1),
	(385, 1, 6, 1, '2017-11-20 21:40:31', 'LIUXU', '2017-11-21 12:34:19', 'LIUXU', 1),
	(386, 1, 7, 1, '2017-11-20 21:40:31', 'LIUXU', '2017-11-21 12:34:19', 'LIUXU', 1),
	(387, 1, 8, 1, '2017-11-20 21:40:31', 'LIUXU', '2017-11-21 12:34:19', 'LIUXU', 1),
	(388, 1, 9, 1, '2017-11-20 21:40:31', 'LIUXU', '2017-11-21 12:34:19', 'LIUXU', 1),
	(389, 1, 10, 1, '2017-11-20 21:40:31', 'LIUXU', '2017-11-21 12:34:19', 'LIUXU', 1),
	(390, 1, 11, 1, '2017-11-20 21:40:31', 'LIUXU', '2017-11-21 12:34:19', 'LIUXU', 1),
	(391, 1, 12, 1, '2017-11-20 21:40:31', 'LIUXU', '2017-11-21 12:34:19', 'LIUXU', 1),
	(392, 1, 13, 1, '2017-11-20 21:40:31', 'LIUXU', '2017-11-21 12:34:19', 'LIUXU', 1),
	(393, 1, 14, 1, '2017-11-20 21:40:31', 'LIUXU', '2017-11-21 12:34:19', 'LIUXU', 1),
	(394, 1, 15, 1, '2017-11-20 21:40:31', 'LIUXU', '2017-11-21 12:34:19', 'LIUXU', 1),
	(395, 1, 16, 1, '2017-11-20 21:40:31', 'LIUXU', '2017-11-21 12:34:19', 'LIUXU', 1),
	(396, 1, 17, 1, '2017-11-20 21:40:31', 'LIUXU', '2017-11-21 12:34:19', 'LIUXU', 1),
	(397, 1, 18, 1, '2017-11-20 21:40:31', 'LIUXU', '2017-11-21 12:34:19', 'LIUXU', 1),
	(398, 1, 19, 1, '2017-11-20 21:40:31', 'LIUXU', '2017-11-21 12:34:19', 'LIUXU', 1),
	(399, 1, 20, 1, '2017-11-20 21:40:31', 'LIUXU', '2017-11-21 12:34:19', 'LIUXU', 1),
	(400, 1, 21, 1, '2017-11-20 21:40:31', 'LIUXU', '2017-11-21 12:34:19', 'LIUXU', 1),
	(401, 1, 22, 1, '2017-11-20 21:40:31', 'LIUXU', '2017-11-21 12:34:19', 'LIUXU', 1),
	(402, 1, 23, 1, '2017-11-20 21:40:31', 'LIUXU', '2017-11-21 12:34:19', 'LIUXU', 1),
	(403, 1, 24, 1, '2017-11-20 21:40:31', 'LIUXU', '2017-11-21 12:34:19', 'LIUXU', 1),
	(404, 1, 25, 1, '2017-11-20 21:40:31', 'LIUXU', '2017-11-21 12:34:19', 'LIUXU', 1),
	(405, 1, 26, 1, '2017-11-20 21:40:31', 'LIUXU', '2017-11-21 12:34:19', 'LIUXU', 1),
	(406, 1, 27, 1, '2017-11-20 21:40:31', 'LIUXU', '2017-11-21 12:34:19', 'LIUXU', 1),
	(407, 1, 28, 1, '2017-11-20 21:40:31', 'LIUXU', '2017-11-21 12:34:19', 'LIUXU', 1),
	(408, 1, 29, 1, '2017-11-20 21:40:31', 'LIUXU', '2017-11-21 12:34:19', 'LIUXU', 1),
	(409, 1, 30, 1, '2017-11-20 21:40:31', 'LIUXU', '2017-11-21 12:34:19', 'LIUXU', 1),
	(410, 1, 31, 1, '2017-11-20 21:40:31', 'LIUXU', '2017-11-21 12:34:19', 'LIUXU', 1),
	(411, 1, 32, 1, '2017-11-20 21:40:31', 'LIUXU', '2017-11-21 12:34:19', 'LIUXU', 1),
	(412, 1, 33, 1, '2017-11-20 21:40:31', 'LIUXU', '2017-11-21 12:34:19', 'LIUXU', 1),
	(413, 1, 34, 1, '2017-11-20 21:40:31', 'LIUXU', '2017-11-21 12:34:19', 'LIUXU', 1),
	(414, 1, 35, 1, '2017-11-20 21:40:31', 'LIUXU', '2017-11-21 12:34:19', 'LIUXU', 1),
	(415, 1, 36, 1, '2017-11-20 21:40:31', 'LIUXU', '2017-11-21 12:34:19', 'LIUXU', 1),
	(416, 1, 1, 1, '2017-11-21 12:34:19', 'LIUXU', '2017-11-21 15:25:40', 'LIUXU', 1),
	(417, 1, 2, 1, '2017-11-21 12:34:19', 'LIUXU', '2017-11-21 15:25:40', 'LIUXU', 1),
	(418, 1, 3, 1, '2017-11-21 12:34:19', 'LIUXU', '2017-11-21 15:25:40', 'LIUXU', 1),
	(419, 1, 4, 1, '2017-11-21 12:34:19', 'LIUXU', '2017-11-21 15:25:40', 'LIUXU', 1),
	(420, 1, 5, 1, '2017-11-21 12:34:19', 'LIUXU', '2017-11-21 15:25:40', 'LIUXU', 1),
	(421, 1, 6, 1, '2017-11-21 12:34:19', 'LIUXU', '2017-11-21 15:25:40', 'LIUXU', 1),
	(422, 1, 7, 1, '2017-11-21 12:34:19', 'LIUXU', '2017-11-21 15:25:40', 'LIUXU', 1),
	(423, 1, 8, 1, '2017-11-21 12:34:19', 'LIUXU', '2017-11-21 15:25:40', 'LIUXU', 1),
	(424, 1, 9, 1, '2017-11-21 12:34:19', 'LIUXU', '2017-11-21 15:25:40', 'LIUXU', 1),
	(425, 1, 10, 1, '2017-11-21 12:34:19', 'LIUXU', '2017-11-21 15:25:40', 'LIUXU', 1),
	(426, 1, 11, 1, '2017-11-21 12:34:19', 'LIUXU', '2017-11-21 15:25:40', 'LIUXU', 1),
	(427, 1, 12, 1, '2017-11-21 12:34:19', 'LIUXU', '2017-11-21 15:25:40', 'LIUXU', 1),
	(428, 1, 13, 1, '2017-11-21 12:34:19', 'LIUXU', '2017-11-21 15:25:40', 'LIUXU', 1),
	(429, 1, 14, 1, '2017-11-21 12:34:19', 'LIUXU', '2017-11-21 15:25:40', 'LIUXU', 1),
	(430, 1, 15, 1, '2017-11-21 12:34:19', 'LIUXU', '2017-11-21 15:25:40', 'LIUXU', 1),
	(431, 1, 16, 1, '2017-11-21 12:34:19', 'LIUXU', '2017-11-21 15:25:40', 'LIUXU', 1),
	(432, 1, 17, 1, '2017-11-21 12:34:19', 'LIUXU', '2017-11-21 15:25:40', 'LIUXU', 1),
	(433, 1, 18, 1, '2017-11-21 12:34:19', 'LIUXU', '2017-11-21 15:25:40', 'LIUXU', 1),
	(434, 1, 19, 1, '2017-11-21 12:34:19', 'LIUXU', '2017-11-21 15:25:40', 'LIUXU', 1),
	(435, 1, 20, 1, '2017-11-21 12:34:19', 'LIUXU', '2017-11-21 15:25:40', 'LIUXU', 1),
	(436, 1, 21, 1, '2017-11-21 12:34:19', 'LIUXU', '2017-11-21 15:25:40', 'LIUXU', 1),
	(437, 1, 22, 1, '2017-11-21 12:34:19', 'LIUXU', '2017-11-21 15:25:40', 'LIUXU', 1),
	(438, 1, 23, 1, '2017-11-21 12:34:19', 'LIUXU', '2017-11-21 15:25:40', 'LIUXU', 1),
	(439, 1, 24, 1, '2017-11-21 12:34:19', 'LIUXU', '2017-11-21 15:25:40', 'LIUXU', 1),
	(440, 1, 25, 1, '2017-11-21 12:34:19', 'LIUXU', '2017-11-21 15:25:40', 'LIUXU', 1),
	(441, 1, 26, 1, '2017-11-21 12:34:19', 'LIUXU', '2017-11-21 15:25:40', 'LIUXU', 1),
	(442, 1, 27, 1, '2017-11-21 12:34:19', 'LIUXU', '2017-11-21 15:25:40', 'LIUXU', 1),
	(443, 1, 28, 1, '2017-11-21 12:34:19', 'LIUXU', '2017-11-21 15:25:40', 'LIUXU', 1),
	(444, 1, 29, 1, '2017-11-21 12:34:19', 'LIUXU', '2017-11-21 15:25:40', 'LIUXU', 1),
	(445, 1, 30, 1, '2017-11-21 12:34:19', 'LIUXU', '2017-11-21 15:25:40', 'LIUXU', 1),
	(446, 1, 31, 1, '2017-11-21 12:34:19', 'LIUXU', '2017-11-21 15:25:40', 'LIUXU', 1),
	(447, 1, 32, 1, '2017-11-21 12:34:19', 'LIUXU', '2017-11-21 15:25:40', 'LIUXU', 1),
	(448, 1, 33, 1, '2017-11-21 12:34:19', 'LIUXU', '2017-11-21 15:25:40', 'LIUXU', 1),
	(449, 1, 37, 1, '2017-11-21 12:34:19', 'LIUXU', '2017-11-21 15:25:40', 'LIUXU', 1),
	(450, 1, 38, 1, '2017-11-21 12:34:19', 'LIUXU', '2017-11-21 15:25:40', 'LIUXU', 1),
	(451, 1, 39, 1, '2017-11-21 12:34:19', 'LIUXU', '2017-11-21 15:25:40', 'LIUXU', 1),
	(452, 1, 34, 1, '2017-11-21 12:34:19', 'LIUXU', '2017-11-21 15:25:40', 'LIUXU', 1),
	(453, 1, 35, 1, '2017-11-21 12:34:19', 'LIUXU', '2017-11-21 15:25:40', 'LIUXU', 1),
	(454, 1, 36, 1, '2017-11-21 12:34:19', 'LIUXU', '2017-11-21 15:25:40', 'LIUXU', 1),
	(455, 1, 1, 1, '2017-11-21 15:25:40', 'LIUXU', '2017-11-21 17:21:24', 'LIUXU', 1),
	(456, 1, 2, 1, '2017-11-21 15:25:40', 'LIUXU', '2017-11-21 17:21:24', 'LIUXU', 1),
	(457, 1, 3, 1, '2017-11-21 15:25:40', 'LIUXU', '2017-11-21 17:21:24', 'LIUXU', 1),
	(458, 1, 4, 1, '2017-11-21 15:25:40', 'LIUXU', '2017-11-21 17:21:24', 'LIUXU', 1),
	(459, 1, 5, 1, '2017-11-21 15:25:40', 'LIUXU', '2017-11-21 17:21:24', 'LIUXU', 1),
	(460, 1, 6, 1, '2017-11-21 15:25:40', 'LIUXU', '2017-11-21 17:21:24', 'LIUXU', 1),
	(461, 1, 7, 1, '2017-11-21 15:25:40', 'LIUXU', '2017-11-21 17:21:24', 'LIUXU', 1),
	(462, 1, 8, 1, '2017-11-21 15:25:40', 'LIUXU', '2017-11-21 17:21:24', 'LIUXU', 1),
	(463, 1, 9, 1, '2017-11-21 15:25:40', 'LIUXU', '2017-11-21 17:21:24', 'LIUXU', 1),
	(464, 1, 10, 1, '2017-11-21 15:25:40', 'LIUXU', '2017-11-21 17:21:24', 'LIUXU', 1),
	(465, 1, 11, 1, '2017-11-21 15:25:40', 'LIUXU', '2017-11-21 17:21:24', 'LIUXU', 1),
	(466, 1, 12, 1, '2017-11-21 15:25:40', 'LIUXU', '2017-11-21 17:21:24', 'LIUXU', 1),
	(467, 1, 13, 1, '2017-11-21 15:25:40', 'LIUXU', '2017-11-21 17:21:24', 'LIUXU', 1),
	(468, 1, 14, 1, '2017-11-21 15:25:40', 'LIUXU', '2017-11-21 17:21:24', 'LIUXU', 1),
	(469, 1, 15, 1, '2017-11-21 15:25:40', 'LIUXU', '2017-11-21 17:21:24', 'LIUXU', 1),
	(470, 1, 16, 1, '2017-11-21 15:25:40', 'LIUXU', '2017-11-21 17:21:24', 'LIUXU', 1),
	(471, 1, 17, 1, '2017-11-21 15:25:40', 'LIUXU', '2017-11-21 17:21:24', 'LIUXU', 1),
	(472, 1, 18, 1, '2017-11-21 15:25:40', 'LIUXU', '2017-11-21 17:21:24', 'LIUXU', 1),
	(473, 1, 19, 1, '2017-11-21 15:25:40', 'LIUXU', '2017-11-21 17:21:24', 'LIUXU', 1),
	(474, 1, 20, 1, '2017-11-21 15:25:40', 'LIUXU', '2017-11-21 17:21:24', 'LIUXU', 1),
	(475, 1, 21, 1, '2017-11-21 15:25:40', 'LIUXU', '2017-11-21 17:21:24', 'LIUXU', 1),
	(476, 1, 22, 1, '2017-11-21 15:25:40', 'LIUXU', '2017-11-21 17:21:24', 'LIUXU', 1),
	(477, 1, 23, 1, '2017-11-21 15:25:40', 'LIUXU', '2017-11-21 17:21:24', 'LIUXU', 1),
	(478, 1, 24, 1, '2017-11-21 15:25:40', 'LIUXU', '2017-11-21 17:21:24', 'LIUXU', 1),
	(479, 1, 25, 1, '2017-11-21 15:25:40', 'LIUXU', '2017-11-21 17:21:24', 'LIUXU', 1),
	(480, 1, 26, 1, '2017-11-21 15:25:40', 'LIUXU', '2017-11-21 17:21:24', 'LIUXU', 1),
	(481, 1, 27, 1, '2017-11-21 15:25:40', 'LIUXU', '2017-11-21 17:21:24', 'LIUXU', 1),
	(482, 1, 28, 1, '2017-11-21 15:25:40', 'LIUXU', '2017-11-21 17:21:24', 'LIUXU', 1),
	(483, 1, 29, 1, '2017-11-21 15:25:40', 'LIUXU', '2017-11-21 17:21:24', 'LIUXU', 1),
	(484, 1, 30, 1, '2017-11-21 15:25:40', 'LIUXU', '2017-11-21 17:21:24', 'LIUXU', 1),
	(485, 1, 31, 1, '2017-11-21 15:25:40', 'LIUXU', '2017-11-21 17:21:24', 'LIUXU', 1),
	(486, 1, 32, 1, '2017-11-21 15:25:40', 'LIUXU', '2017-11-21 17:21:24', 'LIUXU', 1),
	(487, 1, 33, 1, '2017-11-21 15:25:40', 'LIUXU', '2017-11-21 17:21:24', 'LIUXU', 1),
	(488, 1, 37, 1, '2017-11-21 15:25:40', 'LIUXU', '2017-11-21 17:21:24', 'LIUXU', 1),
	(489, 1, 38, 1, '2017-11-21 15:25:40', 'LIUXU', '2017-11-21 17:21:24', 'LIUXU', 1),
	(490, 1, 39, 1, '2017-11-21 15:25:40', 'LIUXU', '2017-11-21 17:21:24', 'LIUXU', 1),
	(491, 1, 34, 1, '2017-11-21 15:25:40', 'LIUXU', '2017-11-21 17:21:24', 'LIUXU', 1),
	(492, 1, 35, 1, '2017-11-21 15:25:40', 'LIUXU', '2017-11-21 17:21:24', 'LIUXU', 1),
	(493, 1, 36, 1, '2017-11-21 15:25:40', 'LIUXU', '2017-11-21 17:21:24', 'LIUXU', 1),
	(494, 1, 40, 1, '2017-11-21 15:25:40', 'LIUXU', '2017-11-21 17:21:24', 'LIUXU', 1),
	(495, 1, 1, 1, '2017-11-21 17:21:24', 'LIUXU', '2017-11-22 17:02:24', 'LIUXU', 1),
	(496, 1, 2, 1, '2017-11-21 17:21:24', 'LIUXU', '2017-11-22 17:02:24', 'LIUXU', 1),
	(497, 1, 3, 1, '2017-11-21 17:21:24', 'LIUXU', '2017-11-22 17:02:24', 'LIUXU', 1),
	(498, 1, 4, 1, '2017-11-21 17:21:24', 'LIUXU', '2017-11-22 17:02:24', 'LIUXU', 1),
	(499, 1, 5, 1, '2017-11-21 17:21:24', 'LIUXU', '2017-11-22 17:02:24', 'LIUXU', 1),
	(500, 1, 6, 1, '2017-11-21 17:21:24', 'LIUXU', '2017-11-22 17:02:24', 'LIUXU', 1),
	(501, 1, 7, 1, '2017-11-21 17:21:24', 'LIUXU', '2017-11-22 17:02:24', 'LIUXU', 1),
	(502, 1, 8, 1, '2017-11-21 17:21:24', 'LIUXU', '2017-11-22 17:02:24', 'LIUXU', 1),
	(503, 1, 9, 1, '2017-11-21 17:21:24', 'LIUXU', '2017-11-22 17:02:24', 'LIUXU', 1),
	(504, 1, 10, 1, '2017-11-21 17:21:24', 'LIUXU', '2017-11-22 17:02:24', 'LIUXU', 1),
	(505, 1, 11, 1, '2017-11-21 17:21:24', 'LIUXU', '2017-11-22 17:02:24', 'LIUXU', 1),
	(506, 1, 12, 1, '2017-11-21 17:21:24', 'LIUXU', '2017-11-22 17:02:24', 'LIUXU', 1),
	(507, 1, 13, 1, '2017-11-21 17:21:24', 'LIUXU', '2017-11-22 17:02:24', 'LIUXU', 1),
	(508, 1, 14, 1, '2017-11-21 17:21:24', 'LIUXU', '2017-11-22 17:02:24', 'LIUXU', 1),
	(509, 1, 15, 1, '2017-11-21 17:21:24', 'LIUXU', '2017-11-22 17:02:24', 'LIUXU', 1),
	(510, 1, 16, 1, '2017-11-21 17:21:24', 'LIUXU', '2017-11-22 17:02:24', 'LIUXU', 1),
	(511, 1, 17, 1, '2017-11-21 17:21:24', 'LIUXU', '2017-11-22 17:02:24', 'LIUXU', 1),
	(512, 1, 18, 1, '2017-11-21 17:21:24', 'LIUXU', '2017-11-22 17:02:24', 'LIUXU', 1),
	(513, 1, 19, 1, '2017-11-21 17:21:24', 'LIUXU', '2017-11-22 17:02:24', 'LIUXU', 1),
	(514, 1, 20, 1, '2017-11-21 17:21:24', 'LIUXU', '2017-11-22 17:02:24', 'LIUXU', 1),
	(515, 1, 21, 1, '2017-11-21 17:21:24', 'LIUXU', '2017-11-22 17:02:24', 'LIUXU', 1),
	(516, 1, 22, 1, '2017-11-21 17:21:24', 'LIUXU', '2017-11-22 17:02:24', 'LIUXU', 1),
	(517, 1, 23, 1, '2017-11-21 17:21:24', 'LIUXU', '2017-11-22 17:02:24', 'LIUXU', 1),
	(518, 1, 24, 1, '2017-11-21 17:21:24', 'LIUXU', '2017-11-22 17:02:24', 'LIUXU', 1),
	(519, 1, 25, 1, '2017-11-21 17:21:24', 'LIUXU', '2017-11-22 17:02:24', 'LIUXU', 1),
	(520, 1, 26, 1, '2017-11-21 17:21:24', 'LIUXU', '2017-11-22 17:02:24', 'LIUXU', 1),
	(521, 1, 27, 1, '2017-11-21 17:21:24', 'LIUXU', '2017-11-22 17:02:24', 'LIUXU', 1),
	(522, 1, 28, 1, '2017-11-21 17:21:24', 'LIUXU', '2017-11-22 17:02:24', 'LIUXU', 1),
	(523, 1, 29, 1, '2017-11-21 17:21:24', 'LIUXU', '2017-11-22 17:02:24', 'LIUXU', 1),
	(524, 1, 30, 1, '2017-11-21 17:21:24', 'LIUXU', '2017-11-22 17:02:24', 'LIUXU', 1),
	(525, 1, 31, 1, '2017-11-21 17:21:24', 'LIUXU', '2017-11-22 17:02:24', 'LIUXU', 1),
	(526, 1, 32, 1, '2017-11-21 17:21:24', 'LIUXU', '2017-11-22 17:02:24', 'LIUXU', 1),
	(527, 1, 33, 1, '2017-11-21 17:21:24', 'LIUXU', '2017-11-22 17:02:24', 'LIUXU', 1),
	(528, 1, 37, 1, '2017-11-21 17:21:24', 'LIUXU', '2017-11-22 17:02:24', 'LIUXU', 1),
	(529, 1, 38, 1, '2017-11-21 17:21:24', 'LIUXU', '2017-11-22 17:02:24', 'LIUXU', 1),
	(530, 1, 39, 1, '2017-11-21 17:21:24', 'LIUXU', '2017-11-22 17:02:24', 'LIUXU', 1),
	(531, 1, 34, 1, '2017-11-21 17:21:24', 'LIUXU', '2017-11-22 17:02:24', 'LIUXU', 1),
	(532, 1, 35, 1, '2017-11-21 17:21:24', 'LIUXU', '2017-11-22 17:02:24', 'LIUXU', 1),
	(533, 1, 36, 1, '2017-11-21 17:21:24', 'LIUXU', '2017-11-22 17:02:24', 'LIUXU', 1),
	(534, 1, 40, 1, '2017-11-21 17:21:24', 'LIUXU', '2017-11-22 17:02:24', 'LIUXU', 1),
	(535, 1, 41, 1, '2017-11-21 17:21:24', 'LIUXU', '2017-11-22 17:02:24', 'LIUXU', 1),
	(536, 1, 1, 1, '2017-11-22 17:02:24', 'LIUXU', '2017-11-22 17:02:24', 'LIUXU', 0),
	(537, 1, 2, 1, '2017-11-22 17:02:24', 'LIUXU', '2017-11-22 17:02:24', 'LIUXU', 0),
	(538, 1, 3, 1, '2017-11-22 17:02:24', 'LIUXU', '2017-11-22 17:02:24', 'LIUXU', 0),
	(539, 1, 4, 1, '2017-11-22 17:02:24', 'LIUXU', '2017-11-22 17:02:24', 'LIUXU', 0),
	(540, 1, 5, 1, '2017-11-22 17:02:24', 'LIUXU', '2017-11-22 17:02:24', 'LIUXU', 0),
	(541, 1, 6, 1, '2017-11-22 17:02:24', 'LIUXU', '2017-11-22 17:02:24', 'LIUXU', 0),
	(542, 1, 7, 1, '2017-11-22 17:02:24', 'LIUXU', '2017-11-22 17:02:24', 'LIUXU', 0),
	(543, 1, 8, 1, '2017-11-22 17:02:24', 'LIUXU', '2017-11-22 17:02:24', 'LIUXU', 0),
	(544, 1, 9, 1, '2017-11-22 17:02:24', 'LIUXU', '2017-11-22 17:02:24', 'LIUXU', 0),
	(545, 1, 10, 1, '2017-11-22 17:02:24', 'LIUXU', '2017-11-22 17:02:24', 'LIUXU', 0),
	(546, 1, 11, 1, '2017-11-22 17:02:24', 'LIUXU', '2017-11-22 17:02:24', 'LIUXU', 0),
	(547, 1, 12, 1, '2017-11-22 17:02:24', 'LIUXU', '2017-11-22 17:02:24', 'LIUXU', 0),
	(548, 1, 13, 1, '2017-11-22 17:02:24', 'LIUXU', '2017-11-22 17:02:24', 'LIUXU', 0),
	(549, 1, 14, 1, '2017-11-22 17:02:24', 'LIUXU', '2017-11-22 17:02:24', 'LIUXU', 0),
	(550, 1, 15, 1, '2017-11-22 17:02:24', 'LIUXU', '2017-11-22 17:02:24', 'LIUXU', 0),
	(551, 1, 16, 1, '2017-11-22 17:02:24', 'LIUXU', '2017-11-22 17:02:24', 'LIUXU', 0),
	(552, 1, 17, 1, '2017-11-22 17:02:24', 'LIUXU', '2017-11-22 17:02:24', 'LIUXU', 0),
	(553, 1, 18, 1, '2017-11-22 17:02:24', 'LIUXU', '2017-11-22 17:02:24', 'LIUXU', 0),
	(554, 1, 19, 1, '2017-11-22 17:02:24', 'LIUXU', '2017-11-22 17:02:24', 'LIUXU', 0),
	(555, 1, 20, 1, '2017-11-22 17:02:24', 'LIUXU', '2017-11-22 17:02:24', 'LIUXU', 0),
	(556, 1, 21, 1, '2017-11-22 17:02:24', 'LIUXU', '2017-11-22 17:02:24', 'LIUXU', 0),
	(557, 1, 22, 1, '2017-11-22 17:02:24', 'LIUXU', '2017-11-22 17:02:24', 'LIUXU', 0),
	(558, 1, 23, 1, '2017-11-22 17:02:24', 'LIUXU', '2017-11-22 17:02:24', 'LIUXU', 0),
	(559, 1, 24, 1, '2017-11-22 17:02:24', 'LIUXU', '2017-11-22 17:02:24', 'LIUXU', 0),
	(560, 1, 28, 1, '2017-11-22 17:02:24', 'LIUXU', '2017-11-22 17:02:24', 'LIUXU', 0),
	(561, 1, 29, 1, '2017-11-22 17:02:24', 'LIUXU', '2017-11-22 17:02:24', 'LIUXU', 0),
	(562, 1, 30, 1, '2017-11-22 17:02:24', 'LIUXU', '2017-11-22 17:02:24', 'LIUXU', 0),
	(563, 1, 31, 1, '2017-11-22 17:02:24', 'LIUXU', '2017-11-22 17:02:24', 'LIUXU', 0),
	(564, 1, 32, 1, '2017-11-22 17:02:24', 'LIUXU', '2017-11-22 17:02:24', 'LIUXU', 0),
	(565, 1, 33, 1, '2017-11-22 17:02:24', 'LIUXU', '2017-11-22 17:02:24', 'LIUXU', 0),
	(566, 1, 37, 1, '2017-11-22 17:02:24', 'LIUXU', '2017-11-22 17:02:24', 'LIUXU', 0),
	(567, 1, 38, 1, '2017-11-22 17:02:24', 'LIUXU', '2017-11-22 17:02:24', 'LIUXU', 0),
	(568, 1, 39, 1, '2017-11-22 17:02:24', 'LIUXU', '2017-11-22 17:02:24', 'LIUXU', 0),
	(569, 1, 34, 1, '2017-11-22 17:02:24', 'LIUXU', '2017-11-22 17:02:24', 'LIUXU', 0),
	(570, 1, 35, 1, '2017-11-22 17:02:24', 'LIUXU', '2017-11-22 17:02:24', 'LIUXU', 0),
	(571, 1, 36, 1, '2017-11-22 17:02:24', 'LIUXU', '2017-11-22 17:02:24', 'LIUXU', 0),
	(572, 1, 40, 1, '2017-11-22 17:02:24', 'LIUXU', '2017-11-22 17:02:24', 'LIUXU', 0),
	(573, 1, 41, 1, '2017-11-22 17:02:24', 'LIUXU', '2017-11-22 17:02:24', 'LIUXU', 0),
	(574, 1, 42, 1, '2017-11-22 17:02:24', 'LIUXU', '2017-11-22 17:02:24', 'LIUXU', 0);
/*!40000 ALTER TABLE `u_role_privilege` ENABLE KEYS */;

-- 导出  表 vinosinfo.u_user 结构
CREATE TABLE IF NOT EXISTS `u_user` (
  `id` int(10) unsigned NOT NULL AUTO_INCREMENT COMMENT 'auto increment id',
  `user_id` int(10) unsigned NOT NULL DEFAULT '0' COMMENT '用户id',
  `role_id` int(10) unsigned NOT NULL DEFAULT '0' COMMENT '角色id',
  `username` varchar(48) NOT NULL DEFAULT '' COMMENT '用户名',
  `password` varchar(128) NOT NULL DEFAULT '' COMMENT '登录密码',
  `create_time` timestamp NOT NULL DEFAULT CURRENT_TIMESTAMP COMMENT '创建时间',
  `create_user` varchar(48) NOT NULL DEFAULT '' COMMENT '创建人',
  `update_time` timestamp NOT NULL DEFAULT CURRENT_TIMESTAMP ON UPDATE CURRENT_TIMESTAMP COMMENT '更新时间',
  `update_user` varchar(48) NOT NULL DEFAULT '' COMMENT '更新人',
  PRIMARY KEY (`id`),
  UNIQUE KEY `user_id` (`user_id`),
  KEY `user_name` (`username`)
) ENGINE=InnoDB AUTO_INCREMENT=2 DEFAULT CHARSET=utf8mb4 COMMENT='用户表';

-- 正在导出表  vinosinfo.u_user 的数据：~1 rows (大约)
/*!40000 ALTER TABLE `u_user` DISABLE KEYS */;
INSERT INTO `u_user` (`id`, `user_id`, `role_id`, `username`, `password`, `create_time`, `create_user`, `update_time`, `update_user`) VALUES
	(1, 1, 1, 'LIUXU', '$2y$10$LQuTYCf5O2YRNLQzn7.YkOVBViOgDrQlerMePuOzCfKomWk6mmL5.', '2017-11-03 16:19:51', 'SYSTEM', '2017-11-11 17:28:38', 'SYSTEM');
/*!40000 ALTER TABLE `u_user` ENABLE KEYS */;

/*!40101 SET SQL_MODE=IFNULL(@OLD_SQL_MODE, '') */;
/*!40014 SET FOREIGN_KEY_CHECKS=IF(@OLD_FOREIGN_KEY_CHECKS IS NULL, 1, @OLD_FOREIGN_KEY_CHECKS) */;
/*!40101 SET CHARACTER_SET_CLIENT=@OLD_CHARACTER_SET_CLIENT */;
